2025-06-12 20:31:52 DEBUG    rasa.core.utils  - Available web server routes:
/webhooks/rasa                                     GET                            rasa_core_no_api.custom_webhook_RasaChatInput.health
/webhooks/rasa/webhook                             POST                           rasa_core_no_api.custom_webhook_RasaChatInput.receive
/webhooks/rest                                     GET                            rasa_core_no_api.custom_webhook_RestInput.health
/webhooks/rest/webhook                             POST                           rasa_core_no_api.custom_webhook_RestInput.receive
/                                                  GET                            rasa_core_no_api.hello
2025-06-12 20:31:52 INFO     root  - Starting Rasa server on http://0.0.0.0:5005
2025-06-12 20:31:52 DEBUG    rasa.core.utils  - Using the default number of Sanic workers (1).
/Users/elena/IdeaProjects/architecture-virtual_assistant/rasa_env/lib/python3.10/site-packages/rasa/shared/core/slot_mappings.py:224: UserWarning: Slot auto-fill has been removed in 3.0 and replaced with a new explicit mechanism to set slots. Please refer to https://rasa.com/docs/rasa/domain#slots to learn more.
  rasa.shared.utils.io.raise_warning(
2025-06-12 20:31:52 DEBUG    rasa.telemetry  - Skipping telemetry reporting: no license hash found.
2025-06-12 20:31:52 DEBUG    rasa.core.tracker_store  - Connected to InMemoryTrackerStore.
2025-06-12 20:31:52 DEBUG    rasa.core.lock_store  - Connected to lock store 'InMemoryLockStore'.
2025-06-12 20:31:52 DEBUG    rasa.core.nlg.generator  - Instantiated NLG to 'TemplatedNaturalLanguageGenerator'.
2025-06-12 20:31:52 INFO     rasa.core.processor  - Loading model models/20250612-201355-forward-hardball.tar.gz...
2025-06-12 20:31:53 DEBUG    rasa.engine.storage.local_model_storage  - Extracted model to '/var/folders/rw/0b6984pj3qx2r8rdrxf8y89r0000gn/T/tmptn4gdk9_'.
/Users/elena/IdeaProjects/architecture-virtual_assistant/rasa_env/lib/python3.10/site-packages/rasa/shared/core/slot_mappings.py:224: UserWarning: Slot auto-fill has been removed in 3.0 and replaced with a new explicit mechanism to set slots. Please refer to https://rasa.com/docs/rasa/domain#slots to learn more.
  rasa.shared.utils.io.raise_warning(
2025-06-12 20:31:53 DEBUG    rasa.engine.graph  - Node 'nlu_message_converter' loading 'NLUMessageConverter.load' and kwargs: '{}'.
2025-06-12 20:31:53 DEBUG    rasa.engine.graph  - Node 'run_WhitespaceTokenizer0' loading 'WhitespaceTokenizer.load' and kwargs: '{}'.
2025-06-12 20:31:53 DEBUG    rasa.engine.graph  - Node 'run_RegexFeaturizer1' loading 'RegexFeaturizer.load' and kwargs: '{}'.
2025-06-12 20:31:53 DEBUG    rasa.engine.storage.local_model_storage  - Resource 'train_RegexFeaturizer1' was requested for reading.
2025-06-12 20:31:53 DEBUG    rasa.engine.graph  - Node 'run_LexicalSyntacticFeaturizer2' loading 'LexicalSyntacticFeaturizer.load' and kwargs: '{}'.
2025-06-12 20:31:53 DEBUG    rasa.engine.storage.local_model_storage  - Resource 'train_LexicalSyntacticFeaturizer2' was requested for reading.
2025-06-12 20:31:53 DEBUG    rasa.engine.graph  - Node 'run_CountVectorsFeaturizer3' loading 'CountVectorsFeaturizer.load' and kwargs: '{}'.
2025-06-12 20:31:53 DEBUG    rasa.engine.storage.local_model_storage  - Resource 'train_CountVectorsFeaturizer3' was requested for reading.
2025-06-12 20:31:53 DEBUG    rasa.engine.graph  - Node 'run_CountVectorsFeaturizer4' loading 'CountVectorsFeaturizer.load' and kwargs: '{}'.
2025-06-12 20:31:53 DEBUG    rasa.engine.storage.local_model_storage  - Resource 'train_CountVectorsFeaturizer4' was requested for reading.
2025-06-12 20:31:53 DEBUG    rasa.engine.graph  - Node 'run_DIETClassifier5' loading 'DIETClassifier.load' and kwargs: '{}'.
2025-06-12 20:31:53 DEBUG    rasa.engine.storage.local_model_storage  - Resource 'train_DIETClassifier5' was requested for reading.
2025-06-12 20:31:53 DEBUG    rasa.utils.tensorflow.models  - Loading the model from /var/folders/rw/0b6984pj3qx2r8rdrxf8y89r0000gn/T/tmp33w7tafk/train_DIETClassifier5/DIETClassifier.tf_model with finetune_mode=False...
2025-06-12 20:31:53 DEBUG    rasa.nlu.classifiers.diet_classifier  - You specified 'DIET' to train entities, but no entities are present in the training data. Skipping training of entities.
2025-06-12 20:31:53 DEBUG    rasa.nlu.classifiers.diet_classifier  - Following metrics will be logged during training:
2025-06-12 20:31:53 DEBUG    rasa.nlu.classifiers.diet_classifier  -   t_loss (total loss)
2025-06-12 20:31:53 DEBUG    rasa.nlu.classifiers.diet_classifier  -   i_acc (intent acc)
2025-06-12 20:31:53 DEBUG    rasa.nlu.classifiers.diet_classifier  -   i_loss (intent loss)
2025-06-12 20:31:53 WARNING  absl  - At this time, the v2.11+ optimizer `tf.keras.optimizers.Adam` runs slowly on M1/M2 Macs, please use the legacy Keras optimizer instead, located at `tf.keras.optimizers.legacy.Adam`.
2025-06-12 20:31:53 WARNING  absl  - There is a known slowdown when using v2.11+ Keras optimizers on M1/M2 Macs. Falling back to the legacy Keras optimizer, i.e., `tf.keras.optimizers.legacy.Adam`.
/opt/homebrew/Cellar/python@3.10/3.10.18/Frameworks/Python.framework/Versions/3.10/lib/python3.10/random.py:370: DeprecationWarning: non-integer arguments to randrange() have been deprecated since Python 3.10 and will be removed in a subsequent version
  return self.randrange(a, b+1)
2025-06-12 20:31:56 DEBUG    rasa.utils.tensorflow.models  - Finished loading the model.
2025-06-12 20:31:56 DEBUG    rasa.engine.graph  - Node 'run_EntitySynonymMapper6' loading 'EntitySynonymMapper.load' and kwargs: '{}'.
2025-06-12 20:31:56 DEBUG    rasa.engine.storage.local_model_storage  - Resource 'train_EntitySynonymMapper6' was requested for reading.
2025-06-12 20:31:56 DEBUG    rasa.nlu.extractors.entity_synonyms  - Failed to load ABCMeta from model storage. Resource 'train_EntitySynonymMapper6' doesn't exist.
2025-06-12 20:31:56 DEBUG    rasa.engine.graph  - Node 'run_ResponseSelector7' loading 'ResponseSelector.load' and kwargs: '{}'.
2025-06-12 20:31:56 DEBUG    rasa.engine.storage.local_model_storage  - Resource 'train_ResponseSelector7' was requested for reading.
2025-06-12 20:31:56 DEBUG    rasa.nlu.classifiers.diet_classifier  - Failed to load ABCMeta from model storage. Resource 'train_ResponseSelector7' doesn't exist.
2025-06-12 20:31:56 DEBUG    rasa.engine.storage.local_model_storage  - Resource 'train_ResponseSelector7' was requested for reading.
2025-06-12 20:31:56 DEBUG    rasa.nlu.selectors.response_selector  - Failed to load ResponseSelector from model storage. Resource 'train_ResponseSelector7' doesn't exist.
2025-06-12 20:31:56 DEBUG    rasa.engine.graph  - Node 'run_FallbackClassifier8' loading 'FallbackClassifier.load' and kwargs: '{}'.
2025-06-12 20:31:56 DEBUG    rasa.engine.graph  - Node 'run_RegexMessageHandler' loading 'RegexMessageHandler.load' and kwargs: '{}'.
2025-06-12 20:31:56 DEBUG    rasa.engine.graph  - Node 'domain_provider' loading 'DomainProvider.load' and kwargs: '{}'.
2025-06-12 20:31:56 DEBUG    rasa.engine.storage.local_model_storage  - Resource 'domain_provider' was requested for reading.
<frozen importlib._bootstrap>:283: DeprecationWarning: the load_module() method is deprecated and slated for removal in Python 3.12; use exec_module() instead
2025-06-12 20:31:56 DEBUG    rasa.engine.graph  - Node 'run_MemoizationPolicy0' loading 'MemoizationPolicy.load' and kwargs: '{}'.
2025-06-12 20:31:56 DEBUG    rasa.engine.storage.local_model_storage  - Resource 'train_MemoizationPolicy0' was requested for reading.
2025-06-12 20:31:56 DEBUG    rasa.engine.graph  - Node 'run_RulePolicy1' loading 'RulePolicy.load' and kwargs: '{}'.
2025-06-12 20:31:56 DEBUG    rasa.engine.storage.local_model_storage  - Resource 'train_RulePolicy1' was requested for reading.
2025-06-12 20:31:56 DEBUG    rasa.engine.graph  - Node 'run_UnexpecTEDIntentPolicy2' loading 'UnexpecTEDIntentPolicy.load' and kwargs: '{}'.
2025-06-12 20:31:56 DEBUG    rasa.engine.storage.local_model_storage  - Resource 'train_UnexpecTEDIntentPolicy2' was requested for reading.
2025-06-12 20:31:56 DEBUG    rasa.utils.tensorflow.models  - Loading the model from /var/folders/rw/0b6984pj3qx2r8rdrxf8y89r0000gn/T/tmp33w7tafk/train_UnexpecTEDIntentPolicy2/unexpected_intent_policy.tf_model with finetune_mode=False...
2025-06-12 20:31:56 WARNING  absl  - At this time, the v2.11+ optimizer `tf.keras.optimizers.Adam` runs slowly on M1/M2 Macs, please use the legacy Keras optimizer instead, located at `tf.keras.optimizers.legacy.Adam`.
2025-06-12 20:31:56 WARNING  absl  - There is a known slowdown when using v2.11+ Keras optimizers on M1/M2 Macs. Falling back to the legacy Keras optimizer, i.e., `tf.keras.optimizers.legacy.Adam`.
2025-06-12 20:31:59 DEBUG    rasa.utils.tensorflow.models  - Finished loading the model.
2025-06-12 20:31:59 WARNING  rasa.shared.utils.common  - The UnexpecTED Intent Policy is currently experimental and might change or be removed in the future 🔬 Please share your feedback on it in the forum (https://forum.rasa.com) to help us make this feature ready for production.
2025-06-12 20:31:59 DEBUG    rasa.engine.graph  - Node 'run_TEDPolicy3' loading 'TEDPolicy.load' and kwargs: '{}'.
2025-06-12 20:31:59 DEBUG    rasa.engine.storage.local_model_storage  - Resource 'train_TEDPolicy3' was requested for reading.
2025-06-12 20:31:59 DEBUG    rasa.utils.tensorflow.models  - Loading the model from /var/folders/rw/0b6984pj3qx2r8rdrxf8y89r0000gn/T/tmp33w7tafk/train_TEDPolicy3/ted_policy.tf_model with finetune_mode=False...
2025-06-12 20:31:59 WARNING  absl  - At this time, the v2.11+ optimizer `tf.keras.optimizers.Adam` runs slowly on M1/M2 Macs, please use the legacy Keras optimizer instead, located at `tf.keras.optimizers.legacy.Adam`.
2025-06-12 20:31:59 WARNING  absl  - There is a known slowdown when using v2.11+ Keras optimizers on M1/M2 Macs. Falling back to the legacy Keras optimizer, i.e., `tf.keras.optimizers.legacy.Adam`.
2025-06-12 20:32:02 DEBUG    rasa.utils.tensorflow.models  - Finished loading the model.
2025-06-12 20:32:02 DEBUG    rasa.engine.graph  - Node 'rule_only_data_provider' loading 'RuleOnlyDataProvider.load' and kwargs: '{}'.
2025-06-12 20:32:02 DEBUG    rasa.engine.storage.local_model_storage  - Resource 'train_RulePolicy1' was requested for reading.
2025-06-12 20:32:02 DEBUG    rasa.engine.graph  - Node 'select_prediction' loading 'DefaultPolicyPredictionEnsemble.load' and kwargs: '{}'.
2025-06-12 20:32:02 INFO     root  - Rasa server is up and running.
2025-06-12 20:32:02 INFO     root  - Enabling coroutine debugging. Loop id 6269728176.
2025-06-12 20:33:44 DEBUG    rasa.core.lock_store  - Issuing ticket for conversation 'PractikumStudent'.
2025-06-12 20:33:44 DEBUG    rasa.core.lock_store  - Acquiring lock for conversation 'PractikumStudent'.
2025-06-12 20:33:44 DEBUG    rasa.core.lock_store  - Acquired lock for conversation 'PractikumStudent'.
2025-06-12 20:33:44 DEBUG    rasa.core.tracker_store  - Could not find tracker for conversation ID 'PractikumStudent'.
2025-06-12 20:33:44 DEBUG    rasa.core.tracker_store  - No event broker configured. Skipping streaming events.
2025-06-12 20:33:44 DEBUG    rasa.core.processor  - Starting a new session for conversation ID 'PractikumStudent'.
2025-06-12 20:33:44 DEBUG    rasa.core.processor  - [debug    ] processor.actions.policy_prediction prediction_events=[]
2025-06-12 20:33:44 DEBUG    rasa.core.processor  - [debug    ] processor.actions.log          action_name=action_session_start rasa_events=[<rasa.shared.core.events.SessionStarted object at 0x3091c25c0>, ActionExecuted(action: action_listen, policy: None, confidence: None)]
2025-06-12 20:33:44 DEBUG    rasa.core.processor  - [debug    ] processor.slots.log            slot_values=	topic: None
	session_started_metadata: None
2025-06-12 20:33:44 DEBUG    rasa.engine.runner.dask  - Running graph with inputs: {'__message__': [<rasa.core.channels.channel.UserMessage object at 0x17b621f60>], '__tracker__': <rasa.shared.core.trackers.DialogueStateTracker object at 0x30c15ac20>}, targets: ['run_RegexMessageHandler'] and ExecutionContext(model_id='3666418cb2914d659f91b4e4734ce951', should_add_diagnostic_data=False, is_finetuning=False, node_name=None).
2025-06-12 20:33:44 DEBUG    rasa.engine.graph  - Node 'nlu_message_converter' running 'NLUMessageConverter.convert_user_message'.
2025-06-12 20:33:44 DEBUG    rasa.engine.graph  - Node 'run_WhitespaceTokenizer0' running 'WhitespaceTokenizer.process'.
2025-06-12 20:33:44 DEBUG    rasa.engine.graph  - Node 'run_RegexFeaturizer1' running 'RegexFeaturizer.process'.
2025-06-12 20:33:44 DEBUG    rasa.engine.graph  - Node 'run_LexicalSyntacticFeaturizer2' running 'LexicalSyntacticFeaturizer.process'.
2025-06-12 20:33:44 DEBUG    rasa.engine.graph  - Node 'run_CountVectorsFeaturizer3' running 'CountVectorsFeaturizer.process'.
2025-06-12 20:33:44 DEBUG    rasa.engine.graph  - Node 'run_CountVectorsFeaturizer4' running 'CountVectorsFeaturizer.process'.
2025-06-12 20:33:44 DEBUG    rasa.engine.graph  - Node 'run_DIETClassifier5' running 'DIETClassifier.process'.
2025-06-12 20:33:44 DEBUG    rasa.engine.graph  - Node 'run_EntitySynonymMapper6' running 'EntitySynonymMapper.process'.
2025-06-12 20:33:44 DEBUG    rasa.engine.graph  - Node 'run_ResponseSelector7' running 'ResponseSelector.process'.
2025-06-12 20:33:44 DEBUG    rasa.nlu.classifiers.diet_classifier  - There is no trained model for 'ResponseSelector': The component is either not trained or didn't receive enough training data.
2025-06-12 20:33:44 DEBUG    rasa.nlu.selectors.response_selector  - Adding following selector key to message property: default
2025-06-12 20:33:44 DEBUG    rasa.engine.graph  - Node 'run_FallbackClassifier8' running 'FallbackClassifier.process'.
2025-06-12 20:33:44 DEBUG    rasa.engine.graph  - Node 'domain_provider' running 'DomainProvider.provide_inference'.
2025-06-12 20:33:44 DEBUG    rasa.engine.graph  - Node 'run_RegexMessageHandler' running 'RegexMessageHandler.process'.
2025-06-12 20:33:44 DEBUG    rasa.core.processor  - [debug    ] processor.message.parse        parse_data_entities=[] parse_data_intent={'name': 'greet', 'confidence': 0.9999957084655762} parse_data_text=Привет
2025-06-12 20:33:44 DEBUG    rasa.core.processor  - Logged UserUtterance - tracker now has 4 events.
2025-06-12 20:33:44 DEBUG    rasa.core.actions.action  - Validating extracted slots: topic
2025-06-12 20:33:44 DEBUG    rasa.core.processor  - [debug    ] processor.extract.slots        action_extract_slot=action_extract_slots len_extraction_events=1 rasa_events=[SlotSet(key: topic, value: Привет)]
2025-06-12 20:33:44 DEBUG    rasa.engine.runner.dask  - Running graph with inputs: {'__tracker__': <rasa.shared.core.trackers.DialogueStateTracker object at 0x30c15ac20>}, targets: ['select_prediction'] and ExecutionContext(model_id='3666418cb2914d659f91b4e4734ce951', should_add_diagnostic_data=False, is_finetuning=False, node_name=None).
2025-06-12 20:33:44 DEBUG    rasa.engine.graph  - Node 'rule_only_data_provider' running 'RuleOnlyDataProvider.provide'.
2025-06-12 20:33:44 DEBUG    rasa.engine.graph  - Node 'domain_provider' running 'DomainProvider.provide_inference'.
2025-06-12 20:33:44 DEBUG    rasa.engine.graph  - Node 'run_MemoizationPolicy0' running 'MemoizationPolicy.predict_action_probabilities'.
2025-06-12 20:33:44 DEBUG    rasa.core.policies.memoization  - [debug    ] memoization.predict.actions    tracker_states=[{}, {'user': {'intent': 'greet'}, 'prev_action': {'action_name': 'action_listen'}}]
2025-06-12 20:33:44 DEBUG    rasa.core.policies.memoization  - There is a memorised next action 'utter_greet'
2025-06-12 20:33:44 DEBUG    rasa.engine.graph  - Node 'run_RulePolicy1' running 'RulePolicy.predict_action_probabilities'.
2025-06-12 20:33:44 DEBUG    rasa.core.policies.rule_policy  - [debug    ] rule_policy.actions.find       current_states=
[state 1] user text: Привет | previous action name: action_listen
2025-06-12 20:33:44 DEBUG    rasa.core.policies.rule_policy  - There is no applicable rule.
2025-06-12 20:33:44 DEBUG    rasa.core.policies.rule_policy  - [debug    ] rule_policy.actions.find       current_states=
[state 1] user intent: greet | previous action name: action_listen
2025-06-12 20:33:44 DEBUG    rasa.core.policies.rule_policy  - There is a rule for the next action 'utter_greet'.
2025-06-12 20:33:44 DEBUG    rasa.engine.graph  - Node 'run_TEDPolicy3' running 'TEDPolicy.predict_action_probabilities'.
2025-06-12 20:33:44 DEBUG    rasa.core.policies.ted_policy  - TED predicted 'utter_greet' based on user intent.
2025-06-12 20:33:44 DEBUG    rasa.engine.graph  - Node 'run_UnexpecTEDIntentPolicy2' running 'UnexpecTEDIntentPolicy.predict_action_probabilities'.
2025-06-12 20:33:44 DEBUG    rasa.core.policies.unexpected_intent_policy  - Querying for intent `greet`.
2025-06-12 20:33:44 DEBUG    rasa.core.policies.unexpected_intent_policy  - Score for intent `greet` is `1.8113088607788086`, while threshold is `-1.9859936237335205`.
2025-06-12 20:33:44 DEBUG    rasa.core.policies.unexpected_intent_policy  - Top 5 intents (in ascending order) that are likely here are: `[('ask_architecture', -1.8342931), ('session_start', -1.5597622), ('goodbye', 1.5782762), ('greet', 1.8113089), ('request_info', 2.0548728)]`.
2025-06-12 20:33:44 DEBUG    rasa.engine.graph  - Node 'select_prediction' running 'DefaultPolicyPredictionEnsemble.combine_predictions_from_kwargs'.
2025-06-12 20:33:44 DEBUG    rasa.core.policies.ensemble  - Made prediction using user intent.
2025-06-12 20:33:44 DEBUG    rasa.core.policies.ensemble  - Added `DefinePrevUserUtteredFeaturization(False)` event.
2025-06-12 20:33:44 DEBUG    rasa.core.policies.ensemble  - Predicted next action using RulePolicy.
2025-06-12 20:33:44 DEBUG    rasa.core.processor  - Predicted next action 'utter_greet' with confidence 1.00.
2025-06-12 20:33:44 DEBUG    rasa.core.processor  - [debug    ] processor.actions.policy_prediction prediction_events=[<rasa.shared.core.events.DefinePrevUserUtteredFeaturization object at 0x3091c3b80>]
2025-06-12 20:33:44 DEBUG    rasa.core.processor  - [debug    ] processor.actions.log          action_name=utter_greet rasa_events=[BotUttered('Привет! Чем могу помочь в области архитектуры программного обеспечения?', {"elements": null, "quick_replies": null, "buttons": null, "attachment": null, "image": null, "custom": null}, {"utter_action": "utter_greet"}, 1749749624.482667)]
2025-06-12 20:33:44 DEBUG    rasa.engine.runner.dask  - Running graph with inputs: {'__tracker__': <rasa.shared.core.trackers.DialogueStateTracker object at 0x30c15ac20>}, targets: ['select_prediction'] and ExecutionContext(model_id='3666418cb2914d659f91b4e4734ce951', should_add_diagnostic_data=False, is_finetuning=False, node_name=None).
2025-06-12 20:33:44 DEBUG    rasa.engine.graph  - Node 'rule_only_data_provider' running 'RuleOnlyDataProvider.provide'.
2025-06-12 20:33:44 DEBUG    rasa.engine.graph  - Node 'domain_provider' running 'DomainProvider.provide_inference'.
2025-06-12 20:33:44 DEBUG    rasa.engine.graph  - Node 'run_MemoizationPolicy0' running 'MemoizationPolicy.predict_action_probabilities'.
2025-06-12 20:33:44 DEBUG    rasa.core.policies.memoization  - [debug    ] memoization.predict.actions    tracker_states=[{}, {'user': {'intent': 'greet'}, 'prev_action': {'action_name': 'action_listen'}}, {'user': {'intent': 'greet'}, 'prev_action': {'action_name': 'utter_greet'}}]
2025-06-12 20:33:44 DEBUG    rasa.core.policies.memoization  - There is a memorised next action 'action_listen'
2025-06-12 20:33:44 DEBUG    rasa.engine.graph  - Node 'run_RulePolicy1' running 'RulePolicy.predict_action_probabilities'.
2025-06-12 20:33:44 DEBUG    rasa.core.policies.rule_policy  - [debug    ] rule_policy.actions.find       current_states=
[state 1] user intent: greet | previous action name: action_listen
[state 2] user intent: greet | previous action name: utter_greet
2025-06-12 20:33:44 DEBUG    rasa.core.policies.rule_policy  - There is a rule for the next action 'action_listen'.
2025-06-12 20:33:44 DEBUG    rasa.engine.graph  - Node 'run_TEDPolicy3' running 'TEDPolicy.predict_action_probabilities'.
2025-06-12 20:33:44 DEBUG    rasa.core.policies.ted_policy  - TED predicted 'action_listen' based on user intent.
2025-06-12 20:33:44 DEBUG    rasa.engine.graph  - Node 'run_UnexpecTEDIntentPolicy2' running 'UnexpecTEDIntentPolicy.predict_action_probabilities'.
2025-06-12 20:33:44 DEBUG    rasa.core.policies.unexpected_intent_policy  - Skipping predictions for UnexpecTEDIntentPolicy as either there is no event of type `UserUttered`, event's intent is new and not in domain or there is an event of type `ActionExecuted` after the last `UserUttered`.
2025-06-12 20:33:44 DEBUG    rasa.engine.graph  - Node 'select_prediction' running 'DefaultPolicyPredictionEnsemble.combine_predictions_from_kwargs'.
2025-06-12 20:33:44 DEBUG    rasa.core.policies.ensemble  - Predicted next action using RulePolicy.
2025-06-12 20:33:44 DEBUG    rasa.core.processor  - Predicted next action 'action_listen' with confidence 1.00.
2025-06-12 20:33:44 DEBUG    rasa.core.processor  - [debug    ] processor.actions.policy_prediction prediction_events=[]
2025-06-12 20:33:44 DEBUG    rasa.core.processor  - [debug    ] processor.actions.log          action_name=action_listen rasa_events=[]
2025-06-12 20:33:44 DEBUG    rasa.core.tracker_store  - No event broker configured. Skipping streaming events.
2025-06-12 20:33:44 DEBUG    rasa.core.lock_store  - Deleted lock for conversation 'PractikumStudent'.
2025-06-12 20:34:12 DEBUG    rasa.core.lock_store  - Issuing ticket for conversation 'PractikumStudent'.
2025-06-12 20:34:12 DEBUG    rasa.core.lock_store  - Acquiring lock for conversation 'PractikumStudent'.
2025-06-12 20:34:12 DEBUG    rasa.core.lock_store  - Acquired lock for conversation 'PractikumStudent'.
2025-06-12 20:34:12 DEBUG    rasa.core.tracker_store  - Recreating tracker for id 'PractikumStudent'
2025-06-12 20:34:12 DEBUG    rasa.engine.runner.dask  - Running graph with inputs: {'__message__': [<rasa.core.channels.channel.UserMessage object at 0x1759116f0>], '__tracker__': <rasa.shared.core.trackers.DialogueStateTracker object at 0x17b2c2d70>}, targets: ['run_RegexMessageHandler'] and ExecutionContext(model_id='3666418cb2914d659f91b4e4734ce951', should_add_diagnostic_data=False, is_finetuning=False, node_name=None).
2025-06-12 20:34:12 DEBUG    rasa.engine.graph  - Node 'nlu_message_converter' running 'NLUMessageConverter.convert_user_message'.
2025-06-12 20:34:12 DEBUG    rasa.engine.graph  - Node 'run_WhitespaceTokenizer0' running 'WhitespaceTokenizer.process'.
2025-06-12 20:34:12 DEBUG    rasa.engine.graph  - Node 'run_RegexFeaturizer1' running 'RegexFeaturizer.process'.
2025-06-12 20:34:12 DEBUG    rasa.engine.graph  - Node 'run_LexicalSyntacticFeaturizer2' running 'LexicalSyntacticFeaturizer.process'.
2025-06-12 20:34:12 DEBUG    rasa.engine.graph  - Node 'run_CountVectorsFeaturizer3' running 'CountVectorsFeaturizer.process'.
2025-06-12 20:34:12 DEBUG    rasa.engine.graph  - Node 'run_CountVectorsFeaturizer4' running 'CountVectorsFeaturizer.process'.
2025-06-12 20:34:12 DEBUG    rasa.engine.graph  - Node 'run_DIETClassifier5' running 'DIETClassifier.process'.
2025-06-12 20:34:12 DEBUG    rasa.engine.graph  - Node 'run_EntitySynonymMapper6' running 'EntitySynonymMapper.process'.
2025-06-12 20:34:12 DEBUG    rasa.engine.graph  - Node 'run_ResponseSelector7' running 'ResponseSelector.process'.
2025-06-12 20:34:12 DEBUG    rasa.nlu.classifiers.diet_classifier  - There is no trained model for 'ResponseSelector': The component is either not trained or didn't receive enough training data.
2025-06-12 20:34:12 DEBUG    rasa.nlu.selectors.response_selector  - Adding following selector key to message property: default
2025-06-12 20:34:12 DEBUG    rasa.engine.graph  - Node 'run_FallbackClassifier8' running 'FallbackClassifier.process'.
2025-06-12 20:34:12 DEBUG    rasa.engine.graph  - Node 'domain_provider' running 'DomainProvider.provide_inference'.
2025-06-12 20:34:12 DEBUG    rasa.engine.graph  - Node 'run_RegexMessageHandler' running 'RegexMessageHandler.process'.
2025-06-12 20:34:12 DEBUG    rasa.core.processor  - [debug    ] processor.message.parse        parse_data_entities=[] parse_data_intent={'name': 'greet', 'confidence': 0.9999957084655762} parse_data_text=Привет
2025-06-12 20:34:12 DEBUG    rasa.core.processor  - Logged UserUtterance - tracker now has 10 events.
2025-06-12 20:34:12 DEBUG    rasa.core.actions.action  - Validating extracted slots: topic
2025-06-12 20:34:12 DEBUG    rasa.core.processor  - [debug    ] processor.extract.slots        action_extract_slot=action_extract_slots len_extraction_events=1 rasa_events=[SlotSet(key: topic, value: Привет)]
2025-06-12 20:34:12 DEBUG    rasa.engine.runner.dask  - Running graph with inputs: {'__tracker__': <rasa.shared.core.trackers.DialogueStateTracker object at 0x17b2c2d70>}, targets: ['select_prediction'] and ExecutionContext(model_id='3666418cb2914d659f91b4e4734ce951', should_add_diagnostic_data=False, is_finetuning=False, node_name=None).
2025-06-12 20:34:12 DEBUG    rasa.engine.graph  - Node 'rule_only_data_provider' running 'RuleOnlyDataProvider.provide'.
2025-06-12 20:34:12 DEBUG    rasa.engine.graph  - Node 'domain_provider' running 'DomainProvider.provide_inference'.
2025-06-12 20:34:12 DEBUG    rasa.engine.graph  - Node 'run_MemoizationPolicy0' running 'MemoizationPolicy.predict_action_probabilities'.
2025-06-12 20:34:12 DEBUG    rasa.core.policies.memoization  - [debug    ] memoization.predict.actions    tracker_states=[{}, {'user': {'intent': 'greet'}, 'prev_action': {'action_name': 'action_listen'}}, {'user': {'intent': 'greet'}, 'prev_action': {'action_name': 'utter_greet'}}, {'user': {'intent': 'greet'}, 'prev_action': {'action_name': 'action_listen'}}]
2025-06-12 20:34:12 DEBUG    rasa.core.policies.memoization  - There is no memorised next action
2025-06-12 20:34:12 DEBUG    rasa.engine.graph  - Node 'run_RulePolicy1' running 'RulePolicy.predict_action_probabilities'.
2025-06-12 20:34:12 DEBUG    rasa.core.policies.rule_policy  - [debug    ] rule_policy.actions.find       current_states=
[state 1] user intent: greet | previous action name: action_listen
[state 2] user intent: greet | previous action name: utter_greet
[state 3] user text: Привет | previous action name: action_listen
2025-06-12 20:34:12 DEBUG    rasa.core.policies.rule_policy  - There is no applicable rule.
2025-06-12 20:34:12 DEBUG    rasa.core.policies.rule_policy  - [debug    ] rule_policy.actions.find       current_states=
[state 1] user intent: greet | previous action name: action_listen
[state 2] user intent: greet | previous action name: utter_greet
[state 3] user intent: greet | previous action name: action_listen
2025-06-12 20:34:12 DEBUG    rasa.core.policies.rule_policy  - There is a rule for the next action 'utter_greet'.
2025-06-12 20:34:12 DEBUG    rasa.engine.graph  - Node 'run_TEDPolicy3' running 'TEDPolicy.predict_action_probabilities'.
2025-06-12 20:34:12 DEBUG    rasa.core.policies.ted_policy  - TED predicted 'utter_greet' based on user intent.
2025-06-12 20:34:12 DEBUG    rasa.engine.graph  - Node 'run_UnexpecTEDIntentPolicy2' running 'UnexpecTEDIntentPolicy.predict_action_probabilities'.
2025-06-12 20:34:12 DEBUG    rasa.core.policies.unexpected_intent_policy  - Querying for intent `greet`.
2025-06-12 20:34:12 DEBUG    rasa.core.policies.unexpected_intent_policy  - Score for intent `greet` is `-1.9859936237335205`, while threshold is `-1.9859936237335205`.
2025-06-12 20:34:12 DEBUG    rasa.core.policies.unexpected_intent_policy  - Top 5 intents (in ascending order) that are likely here are: `[('nlu_fallback', -1.7533852), ('affirm', -1.5334675), ('goodbye', -1.3055857), ('deny', -1.1304258), ('ask_architecture', 1.5626464)]`.
2025-06-12 20:34:12 DEBUG    rasa.engine.graph  - Node 'select_prediction' running 'DefaultPolicyPredictionEnsemble.combine_predictions_from_kwargs'.
2025-06-12 20:34:12 DEBUG    rasa.core.policies.ensemble  - Made prediction using user intent.
2025-06-12 20:34:12 DEBUG    rasa.core.policies.ensemble  - Added `DefinePrevUserUtteredFeaturization(False)` event.
2025-06-12 20:34:12 DEBUG    rasa.core.policies.ensemble  - Predicted next action using RulePolicy.
2025-06-12 20:34:12 DEBUG    rasa.core.processor  - Predicted next action 'utter_greet' with confidence 1.00.
2025-06-12 20:34:12 DEBUG    rasa.core.processor  - [debug    ] processor.actions.policy_prediction prediction_events=[<rasa.shared.core.events.DefinePrevUserUtteredFeaturization object at 0x3091c3760>]
2025-06-12 20:34:12 DEBUG    rasa.core.processor  - [debug    ] processor.actions.log          action_name=utter_greet rasa_events=[BotUttered('Привет! Чем могу помочь в области архитектуры программного обеспечения?', {"elements": null, "quick_replies": null, "buttons": null, "attachment": null, "image": null, "custom": null}, {"utter_action": "utter_greet"}, 1749749652.281831)]
2025-06-12 20:34:12 DEBUG    rasa.engine.runner.dask  - Running graph with inputs: {'__tracker__': <rasa.shared.core.trackers.DialogueStateTracker object at 0x17b2c2d70>}, targets: ['select_prediction'] and ExecutionContext(model_id='3666418cb2914d659f91b4e4734ce951', should_add_diagnostic_data=False, is_finetuning=False, node_name=None).
2025-06-12 20:34:12 DEBUG    rasa.engine.graph  - Node 'rule_only_data_provider' running 'RuleOnlyDataProvider.provide'.
2025-06-12 20:34:12 DEBUG    rasa.engine.graph  - Node 'domain_provider' running 'DomainProvider.provide_inference'.
2025-06-12 20:34:12 DEBUG    rasa.engine.graph  - Node 'run_MemoizationPolicy0' running 'MemoizationPolicy.predict_action_probabilities'.
2025-06-12 20:34:12 DEBUG    rasa.core.policies.memoization  - [debug    ] memoization.predict.actions    tracker_states=[{}, {'user': {'intent': 'greet'}, 'prev_action': {'action_name': 'action_listen'}}, {'user': {'intent': 'greet'}, 'prev_action': {'action_name': 'utter_greet'}}, {'user': {'intent': 'greet'}, 'prev_action': {'action_name': 'action_listen'}}, {'user': {'intent': 'greet'}, 'prev_action': {'action_name': 'utter_greet'}}]
2025-06-12 20:34:12 DEBUG    rasa.core.policies.memoization  - There is no memorised next action
2025-06-12 20:34:12 DEBUG    rasa.engine.graph  - Node 'run_RulePolicy1' running 'RulePolicy.predict_action_probabilities'.
2025-06-12 20:34:12 DEBUG    rasa.core.policies.rule_policy  - [debug    ] rule_policy.actions.find       current_states=
[state 1] user intent: greet | previous action name: action_listen
[state 2] user intent: greet | previous action name: utter_greet
[state 3] user intent: greet | previous action name: action_listen
[state 4] user intent: greet | previous action name: utter_greet
2025-06-12 20:34:12 DEBUG    rasa.core.policies.rule_policy  - There is a rule for the next action 'action_listen'.
2025-06-12 20:34:12 DEBUG    rasa.engine.graph  - Node 'run_TEDPolicy3' running 'TEDPolicy.predict_action_probabilities'.
2025-06-12 20:34:12 DEBUG    rasa.core.policies.ted_policy  - TED predicted 'action_listen' based on user intent.
2025-06-12 20:34:12 DEBUG    rasa.engine.graph  - Node 'run_UnexpecTEDIntentPolicy2' running 'UnexpecTEDIntentPolicy.predict_action_probabilities'.
2025-06-12 20:34:12 DEBUG    rasa.core.policies.unexpected_intent_policy  - Skipping predictions for UnexpecTEDIntentPolicy as either there is no event of type `UserUttered`, event's intent is new and not in domain or there is an event of type `ActionExecuted` after the last `UserUttered`.
2025-06-12 20:34:12 DEBUG    rasa.engine.graph  - Node 'select_prediction' running 'DefaultPolicyPredictionEnsemble.combine_predictions_from_kwargs'.
2025-06-12 20:34:12 DEBUG    rasa.core.policies.ensemble  - Predicted next action using RulePolicy.
2025-06-12 20:34:12 DEBUG    rasa.core.processor  - Predicted next action 'action_listen' with confidence 1.00.
2025-06-12 20:34:12 DEBUG    rasa.core.processor  - [debug    ] processor.actions.policy_prediction prediction_events=[]
2025-06-12 20:34:12 DEBUG    rasa.core.processor  - [debug    ] processor.actions.log          action_name=action_listen rasa_events=[]
2025-06-12 20:34:12 DEBUG    rasa.core.tracker_store  - No event broker configured. Skipping streaming events.
2025-06-12 20:34:12 DEBUG    rasa.core.lock_store  - Deleted lock for conversation 'PractikumStudent'.
2025-06-12 20:34:24 DEBUG    rasa.core.lock_store  - Issuing ticket for conversation 'PractikumStudent'.
2025-06-12 20:34:24 DEBUG    rasa.core.lock_store  - Acquiring lock for conversation 'PractikumStudent'.
2025-06-12 20:34:24 DEBUG    rasa.core.lock_store  - Acquired lock for conversation 'PractikumStudent'.
2025-06-12 20:34:24 DEBUG    rasa.core.tracker_store  - Recreating tracker for id 'PractikumStudent'
2025-06-12 20:34:24 DEBUG    rasa.engine.runner.dask  - Running graph with inputs: {'__message__': [<rasa.core.channels.channel.UserMessage object at 0x30c1d7b50>], '__tracker__': <rasa.shared.core.trackers.DialogueStateTracker object at 0x17b2c2dd0>}, targets: ['run_RegexMessageHandler'] and ExecutionContext(model_id='3666418cb2914d659f91b4e4734ce951', should_add_diagnostic_data=False, is_finetuning=False, node_name=None).
2025-06-12 20:34:24 DEBUG    rasa.engine.graph  - Node 'nlu_message_converter' running 'NLUMessageConverter.convert_user_message'.
2025-06-12 20:34:24 DEBUG    rasa.engine.graph  - Node 'run_WhitespaceTokenizer0' running 'WhitespaceTokenizer.process'.
2025-06-12 20:34:24 DEBUG    rasa.engine.graph  - Node 'run_RegexFeaturizer1' running 'RegexFeaturizer.process'.
2025-06-12 20:34:24 DEBUG    rasa.engine.graph  - Node 'run_LexicalSyntacticFeaturizer2' running 'LexicalSyntacticFeaturizer.process'.
2025-06-12 20:34:24 DEBUG    rasa.engine.graph  - Node 'run_CountVectorsFeaturizer3' running 'CountVectorsFeaturizer.process'.
2025-06-12 20:34:24 DEBUG    rasa.engine.graph  - Node 'run_CountVectorsFeaturizer4' running 'CountVectorsFeaturizer.process'.
2025-06-12 20:34:24 DEBUG    rasa.engine.graph  - Node 'run_DIETClassifier5' running 'DIETClassifier.process'.
2025-06-12 20:34:24 DEBUG    rasa.engine.graph  - Node 'run_EntitySynonymMapper6' running 'EntitySynonymMapper.process'.
2025-06-12 20:34:24 DEBUG    rasa.engine.graph  - Node 'run_ResponseSelector7' running 'ResponseSelector.process'.
2025-06-12 20:34:24 DEBUG    rasa.nlu.classifiers.diet_classifier  - There is no trained model for 'ResponseSelector': The component is either not trained or didn't receive enough training data.
2025-06-12 20:34:24 DEBUG    rasa.nlu.selectors.response_selector  - Adding following selector key to message property: default
2025-06-12 20:34:24 DEBUG    rasa.engine.graph  - Node 'run_FallbackClassifier8' running 'FallbackClassifier.process'.
2025-06-12 20:34:24 DEBUG    rasa.engine.graph  - Node 'domain_provider' running 'DomainProvider.provide_inference'.
2025-06-12 20:34:24 DEBUG    rasa.engine.graph  - Node 'run_RegexMessageHandler' running 'RegexMessageHandler.process'.
2025-06-12 20:34:24 DEBUG    rasa.core.processor  - [debug    ] processor.message.parse        parse_data_entities=[] parse_data_intent={'name': 'affirm', 'confidence': 0.9999890327453613} parse_data_text=hello
2025-06-12 20:34:24 DEBUG    rasa.core.processor  - Logged UserUtterance - tracker now has 16 events.
2025-06-12 20:34:24 DEBUG    rasa.core.actions.action  - Validating extracted slots: topic
2025-06-12 20:34:24 DEBUG    rasa.core.processor  - [debug    ] processor.extract.slots        action_extract_slot=action_extract_slots len_extraction_events=1 rasa_events=[SlotSet(key: topic, value: hello)]
2025-06-12 20:34:24 DEBUG    rasa.engine.runner.dask  - Running graph with inputs: {'__tracker__': <rasa.shared.core.trackers.DialogueStateTracker object at 0x17b2c2dd0>}, targets: ['select_prediction'] and ExecutionContext(model_id='3666418cb2914d659f91b4e4734ce951', should_add_diagnostic_data=False, is_finetuning=False, node_name=None).
2025-06-12 20:34:24 DEBUG    rasa.engine.graph  - Node 'rule_only_data_provider' running 'RuleOnlyDataProvider.provide'.
2025-06-12 20:34:24 DEBUG    rasa.engine.graph  - Node 'domain_provider' running 'DomainProvider.provide_inference'.
2025-06-12 20:34:24 DEBUG    rasa.engine.graph  - Node 'run_MemoizationPolicy0' running 'MemoizationPolicy.predict_action_probabilities'.
2025-06-12 20:34:24 DEBUG    rasa.core.policies.memoization  - [debug    ] memoization.predict.actions    tracker_states=[{}, {'user': {'intent': 'greet'}, 'prev_action': {'action_name': 'action_listen'}}, {'user': {'intent': 'greet'}, 'prev_action': {'action_name': 'utter_greet'}}, {'user': {'intent': 'greet'}, 'prev_action': {'action_name': 'action_listen'}}, {'user': {'intent': 'greet'}, 'prev_action': {'action_name': 'utter_greet'}}, {'user': {'intent': 'affirm'}, 'prev_action': {'action_name': 'action_listen'}}]
2025-06-12 20:34:24 DEBUG    rasa.core.policies.memoization  - There is no memorised next action
2025-06-12 20:34:24 DEBUG    rasa.engine.graph  - Node 'run_RulePolicy1' running 'RulePolicy.predict_action_probabilities'.
2025-06-12 20:34:24 DEBUG    rasa.core.policies.rule_policy  - [debug    ] rule_policy.actions.find       current_states=
[state 1] user intent: greet | previous action name: action_listen
[state 2] user intent: greet | previous action name: utter_greet
[state 3] user intent: greet | previous action name: action_listen
[state 4] user intent: greet | previous action name: utter_greet
[state 5] user text: hello | previous action name: action_listen
2025-06-12 20:34:24 DEBUG    rasa.core.policies.rule_policy  - There is no applicable rule.
2025-06-12 20:34:24 DEBUG    rasa.core.policies.rule_policy  - [debug    ] rule_policy.actions.find       current_states=
[state 1] user intent: greet | previous action name: action_listen
[state 2] user intent: greet | previous action name: utter_greet
[state 3] user intent: greet | previous action name: action_listen
[state 4] user intent: greet | previous action name: utter_greet
[state 5] user intent: affirm | previous action name: action_listen
2025-06-12 20:34:24 DEBUG    rasa.core.policies.rule_policy  - There is no applicable rule.
2025-06-12 20:34:24 DEBUG    rasa.engine.graph  - Node 'run_TEDPolicy3' running 'TEDPolicy.predict_action_probabilities'.
2025-06-12 20:34:24 DEBUG    rasa.core.policies.ted_policy  - TED predicted 'action_listen' based on user intent.
2025-06-12 20:34:24 DEBUG    rasa.engine.graph  - Node 'run_UnexpecTEDIntentPolicy2' running 'UnexpecTEDIntentPolicy.predict_action_probabilities'.
2025-06-12 20:34:24 DEBUG    rasa.core.policies.unexpected_intent_policy  - Querying for intent `affirm`.
2025-06-12 20:34:24 DEBUG    rasa.core.policies.unexpected_intent_policy  - Query intent index 0 not found in label thresholds - {1: -1.8342932, 4: -1.3055857, 5: -1.9859936, 9: -2.552794}. Check for `action_unlikely_intent` prediction will be skipped.
2025-06-12 20:34:24 DEBUG    rasa.engine.graph  - Node 'select_prediction' running 'DefaultPolicyPredictionEnsemble.combine_predictions_from_kwargs'.
2025-06-12 20:34:24 DEBUG    rasa.core.policies.ensemble  - Made prediction using user intent.
2025-06-12 20:34:24 DEBUG    rasa.core.policies.ensemble  - Added `DefinePrevUserUtteredFeaturization(False)` event.
2025-06-12 20:34:24 DEBUG    rasa.core.policies.ensemble  - Predicted next action using TEDPolicy.
2025-06-12 20:34:24 DEBUG    rasa.core.processor  - Predicted next action 'action_listen' with confidence 0.46.
2025-06-12 20:34:24 DEBUG    rasa.core.processor  - [debug    ] processor.actions.policy_prediction prediction_events=[<rasa.shared.core.events.DefinePrevUserUtteredFeaturization object at 0x3091c3a30>]
2025-06-12 20:34:24 DEBUG    rasa.core.processor  - [debug    ] processor.actions.log          action_name=action_listen rasa_events=[]
2025-06-12 20:34:24 DEBUG    rasa.core.tracker_store  - No event broker configured. Skipping streaming events.
2025-06-12 20:34:24 DEBUG    rasa.core.lock_store  - Deleted lock for conversation 'PractikumStudent'.
2025-06-12 20:34:35 DEBUG    rasa.core.lock_store  - Issuing ticket for conversation 'PractikumStudent'.
2025-06-12 20:34:35 DEBUG    rasa.core.lock_store  - Acquiring lock for conversation 'PractikumStudent'.
2025-06-12 20:34:35 DEBUG    rasa.core.lock_store  - Acquired lock for conversation 'PractikumStudent'.
2025-06-12 20:34:35 DEBUG    rasa.core.tracker_store  - Recreating tracker for id 'PractikumStudent'
2025-06-12 20:34:35 DEBUG    rasa.engine.runner.dask  - Running graph with inputs: {'__message__': [<rasa.core.channels.channel.UserMessage object at 0x17d093e20>], '__tracker__': <rasa.shared.core.trackers.DialogueStateTracker object at 0x30c159ba0>}, targets: ['run_RegexMessageHandler'] and ExecutionContext(model_id='3666418cb2914d659f91b4e4734ce951', should_add_diagnostic_data=False, is_finetuning=False, node_name=None).
2025-06-12 20:34:35 DEBUG    rasa.engine.graph  - Node 'nlu_message_converter' running 'NLUMessageConverter.convert_user_message'.
2025-06-12 20:34:35 DEBUG    rasa.engine.graph  - Node 'run_WhitespaceTokenizer0' running 'WhitespaceTokenizer.process'.
2025-06-12 20:34:35 DEBUG    rasa.engine.graph  - Node 'run_RegexFeaturizer1' running 'RegexFeaturizer.process'.
2025-06-12 20:34:35 DEBUG    rasa.engine.graph  - Node 'run_LexicalSyntacticFeaturizer2' running 'LexicalSyntacticFeaturizer.process'.
2025-06-12 20:34:35 DEBUG    rasa.engine.graph  - Node 'run_CountVectorsFeaturizer3' running 'CountVectorsFeaturizer.process'.
2025-06-12 20:34:35 DEBUG    rasa.engine.graph  - Node 'run_CountVectorsFeaturizer4' running 'CountVectorsFeaturizer.process'.
2025-06-12 20:34:35 DEBUG    rasa.engine.graph  - Node 'run_DIETClassifier5' running 'DIETClassifier.process'.
2025-06-12 20:34:35 DEBUG    rasa.engine.graph  - Node 'run_EntitySynonymMapper6' running 'EntitySynonymMapper.process'.
2025-06-12 20:34:35 DEBUG    rasa.engine.graph  - Node 'run_ResponseSelector7' running 'ResponseSelector.process'.
2025-06-12 20:34:35 DEBUG    rasa.nlu.classifiers.diet_classifier  - There is no trained model for 'ResponseSelector': The component is either not trained or didn't receive enough training data.
2025-06-12 20:34:35 DEBUG    rasa.nlu.selectors.response_selector  - Adding following selector key to message property: default
2025-06-12 20:34:35 DEBUG    rasa.engine.graph  - Node 'run_FallbackClassifier8' running 'FallbackClassifier.process'.
2025-06-12 20:34:35 DEBUG    rasa.engine.graph  - Node 'domain_provider' running 'DomainProvider.provide_inference'.
2025-06-12 20:34:35 DEBUG    rasa.engine.graph  - Node 'run_RegexMessageHandler' running 'RegexMessageHandler.process'.
2025-06-12 20:34:35 DEBUG    rasa.core.processor  - [debug    ] processor.message.parse        parse_data_entities=[] parse_data_intent={'name': 'greet', 'confidence': 0.9999957084655762} parse_data_text=Привет
2025-06-12 20:34:35 DEBUG    rasa.core.processor  - Logged UserUtterance - tracker now has 20 events.
2025-06-12 20:34:35 DEBUG    rasa.core.actions.action  - Validating extracted slots: topic
2025-06-12 20:34:35 DEBUG    rasa.core.processor  - [debug    ] processor.extract.slots        action_extract_slot=action_extract_slots len_extraction_events=1 rasa_events=[SlotSet(key: topic, value: Привет)]
2025-06-12 20:34:35 DEBUG    rasa.engine.runner.dask  - Running graph with inputs: {'__tracker__': <rasa.shared.core.trackers.DialogueStateTracker object at 0x30c159ba0>}, targets: ['select_prediction'] and ExecutionContext(model_id='3666418cb2914d659f91b4e4734ce951', should_add_diagnostic_data=False, is_finetuning=False, node_name=None).
2025-06-12 20:34:35 DEBUG    rasa.engine.graph  - Node 'rule_only_data_provider' running 'RuleOnlyDataProvider.provide'.
2025-06-12 20:34:35 DEBUG    rasa.engine.graph  - Node 'domain_provider' running 'DomainProvider.provide_inference'.
2025-06-12 20:34:35 DEBUG    rasa.engine.graph  - Node 'run_MemoizationPolicy0' running 'MemoizationPolicy.predict_action_probabilities'.
2025-06-12 20:34:35 DEBUG    rasa.core.policies.memoization  - [debug    ] memoization.predict.actions    tracker_states=[{}, {'user': {'intent': 'greet'}, 'prev_action': {'action_name': 'action_listen'}}, {'user': {'intent': 'greet'}, 'prev_action': {'action_name': 'utter_greet'}}, {'user': {'intent': 'greet'}, 'prev_action': {'action_name': 'action_listen'}}, {'user': {'intent': 'greet'}, 'prev_action': {'action_name': 'utter_greet'}}, {'user': {'intent': 'affirm'}, 'prev_action': {'action_name': 'action_listen'}}, {'user': {'intent': 'greet'}, 'prev_action': {'action_name': 'action_listen'}}]
2025-06-12 20:34:35 DEBUG    rasa.core.policies.memoization  - There is no memorised next action
2025-06-12 20:34:35 DEBUG    rasa.engine.graph  - Node 'run_RulePolicy1' running 'RulePolicy.predict_action_probabilities'.
2025-06-12 20:34:35 DEBUG    rasa.core.policies.rule_policy  - [debug    ] rule_policy.actions.find       current_states=
[state 1] user intent: greet | previous action name: action_listen
[state 2] user intent: greet | previous action name: utter_greet
[state 3] user intent: greet | previous action name: action_listen
[state 4] user intent: greet | previous action name: utter_greet
[state 5] user intent: affirm | previous action name: action_listen
[state 6] user text: Привет | previous action name: action_listen
2025-06-12 20:34:35 DEBUG    rasa.core.policies.rule_policy  - There is no applicable rule.
2025-06-12 20:34:35 DEBUG    rasa.core.policies.rule_policy  - [debug    ] rule_policy.actions.find       current_states=
[state 1] user intent: greet | previous action name: action_listen
[state 2] user intent: greet | previous action name: utter_greet
[state 3] user intent: greet | previous action name: action_listen
[state 4] user intent: greet | previous action name: utter_greet
[state 5] user intent: affirm | previous action name: action_listen
[state 6] user intent: greet | previous action name: action_listen
2025-06-12 20:34:35 DEBUG    rasa.core.policies.rule_policy  - There is a rule for the next action 'utter_greet'.
2025-06-12 20:34:35 DEBUG    rasa.engine.graph  - Node 'run_TEDPolicy3' running 'TEDPolicy.predict_action_probabilities'.
2025-06-12 20:34:35 DEBUG    rasa.core.policies.ted_policy  - TED predicted 'utter_greet' based on user intent.
2025-06-12 20:34:35 DEBUG    rasa.engine.graph  - Node 'run_UnexpecTEDIntentPolicy2' running 'UnexpecTEDIntentPolicy.predict_action_probabilities'.
2025-06-12 20:34:35 DEBUG    rasa.core.policies.unexpected_intent_policy  - Querying for intent `greet`.
2025-06-12 20:34:35 DEBUG    rasa.core.policies.unexpected_intent_policy  - Score for intent `greet` is `-0.3523921072483063`, while threshold is `-1.9859936237335205`.
2025-06-12 20:34:35 DEBUG    rasa.core.policies.unexpected_intent_policy  - Top 5 intents (in ascending order) that are likely here are: `[('deny', -1.7848591), ('request_info', -0.55724823), ('greet', -0.3523921), ('ask_architecture', 0.024739057), ('goodbye', 0.04002431)]`.
2025-06-12 20:34:35 DEBUG    rasa.engine.graph  - Node 'select_prediction' running 'DefaultPolicyPredictionEnsemble.combine_predictions_from_kwargs'.
2025-06-12 20:34:35 DEBUG    rasa.core.policies.ensemble  - Made prediction using user intent.
2025-06-12 20:34:35 DEBUG    rasa.core.policies.ensemble  - Added `DefinePrevUserUtteredFeaturization(False)` event.
2025-06-12 20:34:35 DEBUG    rasa.core.policies.ensemble  - Predicted next action using RulePolicy.
2025-06-12 20:34:35 DEBUG    rasa.core.processor  - Predicted next action 'utter_greet' with confidence 1.00.
2025-06-12 20:34:35 DEBUG    rasa.core.processor  - [debug    ] processor.actions.policy_prediction prediction_events=[<rasa.shared.core.events.DefinePrevUserUtteredFeaturization object at 0x3091c38e0>]
2025-06-12 20:34:35 DEBUG    rasa.core.processor  - [debug    ] processor.actions.log          action_name=utter_greet rasa_events=[BotUttered('Привет! Чем могу помочь в области архитектуры программного обеспечения?', {"elements": null, "quick_replies": null, "buttons": null, "attachment": null, "image": null, "custom": null}, {"utter_action": "utter_greet"}, 1749749675.440098)]
2025-06-12 20:34:35 DEBUG    rasa.engine.runner.dask  - Running graph with inputs: {'__tracker__': <rasa.shared.core.trackers.DialogueStateTracker object at 0x30c159ba0>}, targets: ['select_prediction'] and ExecutionContext(model_id='3666418cb2914d659f91b4e4734ce951', should_add_diagnostic_data=False, is_finetuning=False, node_name=None).
2025-06-12 20:34:35 DEBUG    rasa.engine.graph  - Node 'rule_only_data_provider' running 'RuleOnlyDataProvider.provide'.
2025-06-12 20:34:35 DEBUG    rasa.engine.graph  - Node 'domain_provider' running 'DomainProvider.provide_inference'.
2025-06-12 20:34:35 DEBUG    rasa.engine.graph  - Node 'run_MemoizationPolicy0' running 'MemoizationPolicy.predict_action_probabilities'.
2025-06-12 20:34:35 DEBUG    rasa.core.policies.memoization  - [debug    ] memoization.predict.actions    tracker_states=[{}, {'user': {'intent': 'greet'}, 'prev_action': {'action_name': 'action_listen'}}, {'user': {'intent': 'greet'}, 'prev_action': {'action_name': 'utter_greet'}}, {'user': {'intent': 'greet'}, 'prev_action': {'action_name': 'action_listen'}}, {'user': {'intent': 'greet'}, 'prev_action': {'action_name': 'utter_greet'}}, {'user': {'intent': 'affirm'}, 'prev_action': {'action_name': 'action_listen'}}, {'user': {'intent': 'greet'}, 'prev_action': {'action_name': 'action_listen'}}, {'user': {'intent': 'greet'}, 'prev_action': {'action_name': 'utter_greet'}}]
2025-06-12 20:34:35 DEBUG    rasa.core.policies.memoization  - There is no memorised next action
2025-06-12 20:34:35 DEBUG    rasa.engine.graph  - Node 'run_RulePolicy1' running 'RulePolicy.predict_action_probabilities'.
2025-06-12 20:34:35 DEBUG    rasa.core.policies.rule_policy  - [debug    ] rule_policy.actions.find       current_states=
[state 1] user intent: greet | previous action name: action_listen
[state 2] user intent: greet | previous action name: utter_greet
[state 3] user intent: greet | previous action name: action_listen
[state 4] user intent: greet | previous action name: utter_greet
[state 5] user intent: affirm | previous action name: action_listen
[state 6] user intent: greet | previous action name: action_listen
[state 7] user intent: greet | previous action name: utter_greet
2025-06-12 20:34:35 DEBUG    rasa.core.policies.rule_policy  - There is a rule for the next action 'action_listen'.
2025-06-12 20:34:35 DEBUG    rasa.engine.graph  - Node 'run_TEDPolicy3' running 'TEDPolicy.predict_action_probabilities'.
2025-06-12 20:34:35 DEBUG    rasa.core.policies.ted_policy  - TED predicted 'action_listen' based on user intent.
2025-06-12 20:34:35 DEBUG    rasa.engine.graph  - Node 'run_UnexpecTEDIntentPolicy2' running 'UnexpecTEDIntentPolicy.predict_action_probabilities'.
2025-06-12 20:34:35 DEBUG    rasa.core.policies.unexpected_intent_policy  - Skipping predictions for UnexpecTEDIntentPolicy as either there is no event of type `UserUttered`, event's intent is new and not in domain or there is an event of type `ActionExecuted` after the last `UserUttered`.
2025-06-12 20:34:35 DEBUG    rasa.engine.graph  - Node 'select_prediction' running 'DefaultPolicyPredictionEnsemble.combine_predictions_from_kwargs'.
2025-06-12 20:34:35 DEBUG    rasa.core.policies.ensemble  - Predicted next action using RulePolicy.
2025-06-12 20:34:35 DEBUG    rasa.core.processor  - Predicted next action 'action_listen' with confidence 1.00.
2025-06-12 20:34:35 DEBUG    rasa.core.processor  - [debug    ] processor.actions.policy_prediction prediction_events=[]
2025-06-12 20:34:35 DEBUG    rasa.core.processor  - [debug    ] processor.actions.log          action_name=action_listen rasa_events=[]
2025-06-12 20:34:35 DEBUG    rasa.core.tracker_store  - No event broker configured. Skipping streaming events.
2025-06-12 20:34:35 DEBUG    rasa.core.lock_store  - Deleted lock for conversation 'PractikumStudent'.
<Request: OPTIONS /webhooks/rest/webhook> body not consumed.
2025-06-12 20:40:48 DEBUG    rasa.core.lock_store  - Issuing ticket for conversation 'PractikumStudent'.
2025-06-12 20:40:48 DEBUG    rasa.core.lock_store  - Acquiring lock for conversation 'PractikumStudent'.
2025-06-12 20:40:48 DEBUG    rasa.core.lock_store  - Acquired lock for conversation 'PractikumStudent'.
2025-06-12 20:40:48 DEBUG    rasa.core.tracker_store  - Recreating tracker for id 'PractikumStudent'
2025-06-12 20:40:48 DEBUG    rasa.engine.runner.dask  - Running graph with inputs: {'__message__': [<rasa.core.channels.channel.UserMessage object at 0x17adc96f0>], '__tracker__': <rasa.shared.core.trackers.DialogueStateTracker object at 0x30c159ba0>}, targets: ['run_RegexMessageHandler'] and ExecutionContext(model_id='3666418cb2914d659f91b4e4734ce951', should_add_diagnostic_data=False, is_finetuning=False, node_name=None).
2025-06-12 20:40:48 DEBUG    rasa.engine.graph  - Node 'nlu_message_converter' running 'NLUMessageConverter.convert_user_message'.
2025-06-12 20:40:48 DEBUG    rasa.engine.graph  - Node 'run_WhitespaceTokenizer0' running 'WhitespaceTokenizer.process'.
2025-06-12 20:40:48 DEBUG    rasa.engine.graph  - Node 'run_RegexFeaturizer1' running 'RegexFeaturizer.process'.
2025-06-12 20:40:48 DEBUG    rasa.engine.graph  - Node 'run_LexicalSyntacticFeaturizer2' running 'LexicalSyntacticFeaturizer.process'.
2025-06-12 20:40:48 DEBUG    rasa.engine.graph  - Node 'run_CountVectorsFeaturizer3' running 'CountVectorsFeaturizer.process'.
2025-06-12 20:40:48 DEBUG    rasa.engine.graph  - Node 'run_CountVectorsFeaturizer4' running 'CountVectorsFeaturizer.process'.
2025-06-12 20:40:48 DEBUG    rasa.engine.graph  - Node 'run_DIETClassifier5' running 'DIETClassifier.process'.
2025-06-12 20:40:48 DEBUG    rasa.engine.graph  - Node 'run_EntitySynonymMapper6' running 'EntitySynonymMapper.process'.
2025-06-12 20:40:48 DEBUG    rasa.engine.graph  - Node 'run_ResponseSelector7' running 'ResponseSelector.process'.
2025-06-12 20:40:48 DEBUG    rasa.nlu.classifiers.diet_classifier  - There is no trained model for 'ResponseSelector': The component is either not trained or didn't receive enough training data.
2025-06-12 20:40:48 DEBUG    rasa.nlu.selectors.response_selector  - Adding following selector key to message property: default
2025-06-12 20:40:48 DEBUG    rasa.engine.graph  - Node 'run_FallbackClassifier8' running 'FallbackClassifier.process'.
2025-06-12 20:40:48 DEBUG    rasa.engine.graph  - Node 'domain_provider' running 'DomainProvider.provide_inference'.
2025-06-12 20:40:48 DEBUG    rasa.engine.graph  - Node 'run_RegexMessageHandler' running 'RegexMessageHandler.process'.
2025-06-12 20:40:48 DEBUG    rasa.core.processor  - [debug    ] processor.message.parse        parse_data_entities=[] parse_data_intent={'name': 'greet', 'confidence': 0.9999957084655762} parse_data_text=Привет
2025-06-12 20:40:48 DEBUG    rasa.core.processor  - Logged UserUtterance - tracker now has 26 events.
2025-06-12 20:40:48 DEBUG    rasa.core.actions.action  - Validating extracted slots: topic
2025-06-12 20:40:48 DEBUG    rasa.core.processor  - [debug    ] processor.extract.slots        action_extract_slot=action_extract_slots len_extraction_events=1 rasa_events=[SlotSet(key: topic, value: Привет)]
2025-06-12 20:40:48 DEBUG    rasa.engine.runner.dask  - Running graph with inputs: {'__tracker__': <rasa.shared.core.trackers.DialogueStateTracker object at 0x30c159ba0>}, targets: ['select_prediction'] and ExecutionContext(model_id='3666418cb2914d659f91b4e4734ce951', should_add_diagnostic_data=False, is_finetuning=False, node_name=None).
2025-06-12 20:40:48 DEBUG    rasa.engine.graph  - Node 'rule_only_data_provider' running 'RuleOnlyDataProvider.provide'.
2025-06-12 20:40:48 DEBUG    rasa.engine.graph  - Node 'domain_provider' running 'DomainProvider.provide_inference'.
2025-06-12 20:40:48 DEBUG    rasa.engine.graph  - Node 'run_MemoizationPolicy0' running 'MemoizationPolicy.predict_action_probabilities'.
2025-06-12 20:40:48 DEBUG    rasa.core.policies.memoization  - [debug    ] memoization.predict.actions    tracker_states=[{}, {'user': {'intent': 'greet'}, 'prev_action': {'action_name': 'action_listen'}}, {'user': {'intent': 'greet'}, 'prev_action': {'action_name': 'utter_greet'}}, {'user': {'intent': 'greet'}, 'prev_action': {'action_name': 'action_listen'}}, {'user': {'intent': 'greet'}, 'prev_action': {'action_name': 'utter_greet'}}, {'user': {'intent': 'affirm'}, 'prev_action': {'action_name': 'action_listen'}}, {'user': {'intent': 'greet'}, 'prev_action': {'action_name': 'action_listen'}}, {'user': {'intent': 'greet'}, 'prev_action': {'action_name': 'utter_greet'}}, {'user': {'intent': 'greet'}, 'prev_action': {'action_name': 'action_listen'}}]
2025-06-12 20:40:48 DEBUG    rasa.core.policies.memoization  - There is no memorised next action
2025-06-12 20:40:48 DEBUG    rasa.engine.graph  - Node 'run_RulePolicy1' running 'RulePolicy.predict_action_probabilities'.
2025-06-12 20:40:48 DEBUG    rasa.core.policies.rule_policy  - [debug    ] rule_policy.actions.find       current_states=
[state 1] user intent: greet | previous action name: action_listen
[state 2] user intent: greet | previous action name: utter_greet
[state 3] user intent: greet | previous action name: action_listen
[state 4] user intent: greet | previous action name: utter_greet
[state 5] user intent: affirm | previous action name: action_listen
[state 6] user intent: greet | previous action name: action_listen
[state 7] user intent: greet | previous action name: utter_greet
[state 8] user text: Привет | previous action name: action_listen
2025-06-12 20:40:48 DEBUG    rasa.core.policies.rule_policy  - There is no applicable rule.
2025-06-12 20:40:48 DEBUG    rasa.core.policies.rule_policy  - [debug    ] rule_policy.actions.find       current_states=
[state 1] user intent: greet | previous action name: action_listen
[state 2] user intent: greet | previous action name: utter_greet
[state 3] user intent: greet | previous action name: action_listen
[state 4] user intent: greet | previous action name: utter_greet
[state 5] user intent: affirm | previous action name: action_listen
[state 6] user intent: greet | previous action name: action_listen
[state 7] user intent: greet | previous action name: utter_greet
[state 8] user intent: greet | previous action name: action_listen
2025-06-12 20:40:48 DEBUG    rasa.core.policies.rule_policy  - There is a rule for the next action 'utter_greet'.
2025-06-12 20:40:48 DEBUG    rasa.engine.graph  - Node 'run_TEDPolicy3' running 'TEDPolicy.predict_action_probabilities'.
2025-06-12 20:40:48 DEBUG    rasa.core.policies.ted_policy  - TED predicted 'utter_greet' based on user intent.
2025-06-12 20:40:48 DEBUG    rasa.engine.graph  - Node 'run_UnexpecTEDIntentPolicy2' running 'UnexpecTEDIntentPolicy.predict_action_probabilities'.
2025-06-12 20:40:48 DEBUG    rasa.core.policies.unexpected_intent_policy  - Querying for intent `greet`.
2025-06-12 20:40:48 DEBUG    rasa.core.policies.unexpected_intent_policy  - Score for intent `greet` is `-2.024077892303467`, while threshold is `-1.9859936237335205`.
2025-06-12 20:40:48 DEBUG    rasa.core.policies.unexpected_intent_policy  - Top 5 intents (in ascending order) that are likely here are: `[('nlu_fallback', -1.7088672), ('affirm', -1.4459019), ('goodbye', -1.3521574), ('deny', -1.0975537), ('ask_architecture', 1.5870168)]`.
2025-06-12 20:40:48 DEBUG    rasa.core.policies.unexpected_intent_policy  - Intent `greet-5` unlikely to occur here.
2025-06-12 20:40:48 DEBUG    rasa.engine.graph  - Node 'select_prediction' running 'DefaultPolicyPredictionEnsemble.combine_predictions_from_kwargs'.
2025-06-12 20:40:48 DEBUG    rasa.core.policies.ensemble  - Made prediction using user intent.
2025-06-12 20:40:48 DEBUG    rasa.core.policies.ensemble  - Added `DefinePrevUserUtteredFeaturization(False)` event.
2025-06-12 20:40:48 DEBUG    rasa.core.policies.ensemble  - Predicted next action using RulePolicy.
2025-06-12 20:40:48 DEBUG    rasa.core.processor  - Predicted next action 'utter_greet' with confidence 1.00.
2025-06-12 20:40:48 DEBUG    rasa.core.processor  - [debug    ] processor.actions.policy_prediction prediction_events=[<rasa.shared.core.events.DefinePrevUserUtteredFeaturization object at 0x3091c39d0>]
2025-06-12 20:40:48 DEBUG    rasa.core.processor  - [debug    ] processor.actions.log          action_name=utter_greet rasa_events=[BotUttered('Привет! Чем могу помочь в области архитектуры программного обеспечения?', {"elements": null, "quick_replies": null, "buttons": null, "attachment": null, "image": null, "custom": null}, {"utter_action": "utter_greet"}, 1749750048.485611)]
2025-06-12 20:40:48 DEBUG    rasa.engine.runner.dask  - Running graph with inputs: {'__tracker__': <rasa.shared.core.trackers.DialogueStateTracker object at 0x30c159ba0>}, targets: ['select_prediction'] and ExecutionContext(model_id='3666418cb2914d659f91b4e4734ce951', should_add_diagnostic_data=False, is_finetuning=False, node_name=None).
2025-06-12 20:40:48 DEBUG    rasa.engine.graph  - Node 'rule_only_data_provider' running 'RuleOnlyDataProvider.provide'.
2025-06-12 20:40:48 DEBUG    rasa.engine.graph  - Node 'domain_provider' running 'DomainProvider.provide_inference'.
2025-06-12 20:40:48 DEBUG    rasa.engine.graph  - Node 'run_MemoizationPolicy0' running 'MemoizationPolicy.predict_action_probabilities'.
2025-06-12 20:40:48 DEBUG    rasa.core.policies.memoization  - [debug    ] memoization.predict.actions    tracker_states=[{}, {'user': {'intent': 'greet'}, 'prev_action': {'action_name': 'action_listen'}}, {'user': {'intent': 'greet'}, 'prev_action': {'action_name': 'utter_greet'}}, {'user': {'intent': 'greet'}, 'prev_action': {'action_name': 'action_listen'}}, {'user': {'intent': 'greet'}, 'prev_action': {'action_name': 'utter_greet'}}, {'user': {'intent': 'affirm'}, 'prev_action': {'action_name': 'action_listen'}}, {'user': {'intent': 'greet'}, 'prev_action': {'action_name': 'action_listen'}}, {'user': {'intent': 'greet'}, 'prev_action': {'action_name': 'utter_greet'}}, {'user': {'intent': 'greet'}, 'prev_action': {'action_name': 'action_listen'}}, {'user': {'intent': 'greet'}, 'prev_action': {'action_name': 'utter_greet'}}]
2025-06-12 20:40:48 DEBUG    rasa.core.policies.memoization  - There is no memorised next action
2025-06-12 20:40:48 DEBUG    rasa.engine.graph  - Node 'run_RulePolicy1' running 'RulePolicy.predict_action_probabilities'.
2025-06-12 20:40:48 DEBUG    rasa.core.policies.rule_policy  - [debug    ] rule_policy.actions.find       current_states=
[state 1] user intent: greet | previous action name: action_listen
[state 2] user intent: greet | previous action name: utter_greet
[state 3] user intent: greet | previous action name: action_listen
[state 4] user intent: greet | previous action name: utter_greet
[state 5] user intent: affirm | previous action name: action_listen
[state 6] user intent: greet | previous action name: action_listen
[state 7] user intent: greet | previous action name: utter_greet
[state 8] user intent: greet | previous action name: action_listen
[state 9] user intent: greet | previous action name: utter_greet
2025-06-12 20:40:48 DEBUG    rasa.core.policies.rule_policy  - There is a rule for the next action 'action_listen'.
2025-06-12 20:40:48 DEBUG    rasa.engine.graph  - Node 'run_TEDPolicy3' running 'TEDPolicy.predict_action_probabilities'.
2025-06-12 20:40:48 DEBUG    rasa.core.policies.ted_policy  - TED predicted 'action_listen' based on user intent.
2025-06-12 20:40:48 DEBUG    rasa.engine.graph  - Node 'run_UnexpecTEDIntentPolicy2' running 'UnexpecTEDIntentPolicy.predict_action_probabilities'.
2025-06-12 20:40:48 DEBUG    rasa.core.policies.unexpected_intent_policy  - Skipping predictions for UnexpecTEDIntentPolicy as either there is no event of type `UserUttered`, event's intent is new and not in domain or there is an event of type `ActionExecuted` after the last `UserUttered`.
2025-06-12 20:40:48 DEBUG    rasa.engine.graph  - Node 'select_prediction' running 'DefaultPolicyPredictionEnsemble.combine_predictions_from_kwargs'.
2025-06-12 20:40:48 DEBUG    rasa.core.policies.ensemble  - Predicted next action using RulePolicy.
2025-06-12 20:40:48 DEBUG    rasa.core.processor  - Predicted next action 'action_listen' with confidence 1.00.
2025-06-12 20:40:48 DEBUG    rasa.core.processor  - [debug    ] processor.actions.policy_prediction prediction_events=[]
2025-06-12 20:40:48 DEBUG    rasa.core.processor  - [debug    ] processor.actions.log          action_name=action_listen rasa_events=[]
2025-06-12 20:40:48 DEBUG    rasa.core.tracker_store  - No event broker configured. Skipping streaming events.
2025-06-12 20:40:48 DEBUG    rasa.core.lock_store  - Deleted lock for conversation 'PractikumStudent'.
2025-06-12 20:41:56 DEBUG    rasa.core.lock_store  - Issuing ticket for conversation 'PractikumStudent'.
2025-06-12 20:41:56 DEBUG    rasa.core.lock_store  - Acquiring lock for conversation 'PractikumStudent'.
2025-06-12 20:41:56 DEBUG    rasa.core.lock_store  - Acquired lock for conversation 'PractikumStudent'.
2025-06-12 20:41:56 DEBUG    rasa.core.tracker_store  - Recreating tracker for id 'PractikumStudent'
2025-06-12 20:41:56 DEBUG    rasa.engine.runner.dask  - Running graph with inputs: {'__message__': [<rasa.core.channels.channel.UserMessage object at 0x17b2c32e0>], '__tracker__': <rasa.shared.core.trackers.DialogueStateTracker object at 0x17b621ea0>}, targets: ['run_RegexMessageHandler'] and ExecutionContext(model_id='3666418cb2914d659f91b4e4734ce951', should_add_diagnostic_data=False, is_finetuning=False, node_name=None).
2025-06-12 20:41:56 DEBUG    rasa.engine.graph  - Node 'nlu_message_converter' running 'NLUMessageConverter.convert_user_message'.
2025-06-12 20:41:56 DEBUG    rasa.engine.graph  - Node 'run_WhitespaceTokenizer0' running 'WhitespaceTokenizer.process'.
2025-06-12 20:41:56 DEBUG    rasa.engine.graph  - Node 'run_RegexFeaturizer1' running 'RegexFeaturizer.process'.
2025-06-12 20:41:56 DEBUG    rasa.engine.graph  - Node 'run_LexicalSyntacticFeaturizer2' running 'LexicalSyntacticFeaturizer.process'.
2025-06-12 20:41:56 DEBUG    rasa.engine.graph  - Node 'run_CountVectorsFeaturizer3' running 'CountVectorsFeaturizer.process'.
2025-06-12 20:41:56 DEBUG    rasa.engine.graph  - Node 'run_CountVectorsFeaturizer4' running 'CountVectorsFeaturizer.process'.
2025-06-12 20:41:56 DEBUG    rasa.engine.graph  - Node 'run_DIETClassifier5' running 'DIETClassifier.process'.
2025-06-12 20:41:56 DEBUG    rasa.engine.graph  - Node 'run_EntitySynonymMapper6' running 'EntitySynonymMapper.process'.
2025-06-12 20:41:56 DEBUG    rasa.engine.graph  - Node 'run_ResponseSelector7' running 'ResponseSelector.process'.
2025-06-12 20:41:56 DEBUG    rasa.nlu.classifiers.diet_classifier  - There is no trained model for 'ResponseSelector': The component is either not trained or didn't receive enough training data.
2025-06-12 20:41:56 DEBUG    rasa.nlu.selectors.response_selector  - Adding following selector key to message property: default
2025-06-12 20:41:56 DEBUG    rasa.engine.graph  - Node 'run_FallbackClassifier8' running 'FallbackClassifier.process'.
2025-06-12 20:41:56 DEBUG    rasa.engine.graph  - Node 'domain_provider' running 'DomainProvider.provide_inference'.
2025-06-12 20:41:56 DEBUG    rasa.engine.graph  - Node 'run_RegexMessageHandler' running 'RegexMessageHandler.process'.
2025-06-12 20:41:56 DEBUG    rasa.core.processor  - [debug    ] processor.message.parse        parse_data_entities=[] parse_data_intent={'name': 'greet', 'confidence': 0.9999922513961792} parse_data_text=Здравствуйте
2025-06-12 20:41:56 DEBUG    rasa.core.processor  - Logged UserUtterance - tracker now has 32 events.
2025-06-12 20:41:56 DEBUG    rasa.core.actions.action  - Validating extracted slots: topic
2025-06-12 20:41:56 DEBUG    rasa.core.processor  - [debug    ] processor.extract.slots        action_extract_slot=action_extract_slots len_extraction_events=1 rasa_events=[SlotSet(key: topic, value: Здравствуйте)]
2025-06-12 20:41:56 DEBUG    rasa.engine.runner.dask  - Running graph with inputs: {'__tracker__': <rasa.shared.core.trackers.DialogueStateTracker object at 0x17b621ea0>}, targets: ['select_prediction'] and ExecutionContext(model_id='3666418cb2914d659f91b4e4734ce951', should_add_diagnostic_data=False, is_finetuning=False, node_name=None).
2025-06-12 20:41:56 DEBUG    rasa.engine.graph  - Node 'rule_only_data_provider' running 'RuleOnlyDataProvider.provide'.
2025-06-12 20:41:56 DEBUG    rasa.engine.graph  - Node 'domain_provider' running 'DomainProvider.provide_inference'.
2025-06-12 20:41:56 DEBUG    rasa.engine.graph  - Node 'run_MemoizationPolicy0' running 'MemoizationPolicy.predict_action_probabilities'.
2025-06-12 20:41:56 DEBUG    rasa.core.policies.memoization  - [debug    ] memoization.predict.actions    tracker_states=[{}, {'user': {'intent': 'greet'}, 'prev_action': {'action_name': 'action_listen'}}, {'user': {'intent': 'greet'}, 'prev_action': {'action_name': 'utter_greet'}}, {'user': {'intent': 'greet'}, 'prev_action': {'action_name': 'action_listen'}}, {'user': {'intent': 'greet'}, 'prev_action': {'action_name': 'utter_greet'}}, {'user': {'intent': 'affirm'}, 'prev_action': {'action_name': 'action_listen'}}, {'user': {'intent': 'greet'}, 'prev_action': {'action_name': 'action_listen'}}, {'user': {'intent': 'greet'}, 'prev_action': {'action_name': 'utter_greet'}}, {'user': {'intent': 'greet'}, 'prev_action': {'action_name': 'action_listen'}}, {'user': {'intent': 'greet'}, 'prev_action': {'action_name': 'utter_greet'}}, {'user': {'intent': 'greet'}, 'prev_action': {'action_name': 'action_listen'}}]
2025-06-12 20:41:56 DEBUG    rasa.core.policies.memoization  - There is no memorised next action
2025-06-12 20:41:56 DEBUG    rasa.engine.graph  - Node 'run_RulePolicy1' running 'RulePolicy.predict_action_probabilities'.
2025-06-12 20:41:56 DEBUG    rasa.core.policies.rule_policy  - [debug    ] rule_policy.actions.find       current_states=
[state 1] user intent: greet | previous action name: action_listen
[state 2] user intent: greet | previous action name: utter_greet
[state 3] user intent: greet | previous action name: action_listen
[state 4] user intent: greet | previous action name: utter_greet
[state 5] user intent: affirm | previous action name: action_listen
[state 6] user intent: greet | previous action name: action_listen
[state 7] user intent: greet | previous action name: utter_greet
[state 8] user intent: greet | previous action name: action_listen
[state 9] user intent: greet | previous action name: utter_greet
[state 10] user text: Здравствуйте | previous action name: action_listen
2025-06-12 20:41:56 DEBUG    rasa.core.policies.rule_policy  - There is no applicable rule.
2025-06-12 20:41:56 DEBUG    rasa.core.policies.rule_policy  - [debug    ] rule_policy.actions.find       current_states=
[state 1] user intent: greet | previous action name: action_listen
[state 2] user intent: greet | previous action name: utter_greet
[state 3] user intent: greet | previous action name: action_listen
[state 4] user intent: greet | previous action name: utter_greet
[state 5] user intent: affirm | previous action name: action_listen
[state 6] user intent: greet | previous action name: action_listen
[state 7] user intent: greet | previous action name: utter_greet
[state 8] user intent: greet | previous action name: action_listen
[state 9] user intent: greet | previous action name: utter_greet
[state 10] user intent: greet | previous action name: action_listen
2025-06-12 20:41:56 DEBUG    rasa.core.policies.rule_policy  - There is a rule for the next action 'utter_greet'.
2025-06-12 20:41:56 DEBUG    rasa.engine.graph  - Node 'run_TEDPolicy3' running 'TEDPolicy.predict_action_probabilities'.
2025-06-12 20:41:56 DEBUG    rasa.core.policies.ted_policy  - TED predicted 'utter_greet' based on user intent.
2025-06-12 20:41:56 DEBUG    rasa.engine.graph  - Node 'run_UnexpecTEDIntentPolicy2' running 'UnexpecTEDIntentPolicy.predict_action_probabilities'.
2025-06-12 20:41:56 DEBUG    rasa.core.policies.unexpected_intent_policy  - Querying for intent `greet`.
2025-06-12 20:41:56 DEBUG    rasa.core.policies.unexpected_intent_policy  - Score for intent `greet` is `-2.0261363983154297`, while threshold is `-1.9859936237335205`.
2025-06-12 20:41:56 DEBUG    rasa.core.policies.unexpected_intent_policy  - Top 5 intents (in ascending order) that are likely here are: `[('nlu_fallback', -1.703083), ('affirm', -1.4328539), ('goodbye', -1.3542771), ('deny', -1.0937533), ('ask_architecture', 1.588718)]`.
2025-06-12 20:41:56 DEBUG    rasa.core.policies.unexpected_intent_policy  - Intent `greet-5` unlikely to occur here.
2025-06-12 20:41:56 DEBUG    rasa.engine.graph  - Node 'select_prediction' running 'DefaultPolicyPredictionEnsemble.combine_predictions_from_kwargs'.
2025-06-12 20:41:56 DEBUG    rasa.core.policies.ensemble  - Made prediction using user intent.
2025-06-12 20:41:56 DEBUG    rasa.core.policies.ensemble  - Added `DefinePrevUserUtteredFeaturization(False)` event.
2025-06-12 20:41:56 DEBUG    rasa.core.policies.ensemble  - Predicted next action using RulePolicy.
2025-06-12 20:41:56 DEBUG    rasa.core.processor  - Predicted next action 'utter_greet' with confidence 1.00.
2025-06-12 20:41:56 DEBUG    rasa.core.processor  - [debug    ] processor.actions.policy_prediction prediction_events=[<rasa.shared.core.events.DefinePrevUserUtteredFeaturization object at 0x3091c3070>]
2025-06-12 20:41:56 DEBUG    rasa.core.processor  - [debug    ] processor.actions.log          action_name=utter_greet rasa_events=[BotUttered('Привет! Чем могу помочь в области архитектуры программного обеспечения?', {"elements": null, "quick_replies": null, "buttons": null, "attachment": null, "image": null, "custom": null}, {"utter_action": "utter_greet"}, 1749750116.955443)]
2025-06-12 20:41:56 DEBUG    rasa.engine.runner.dask  - Running graph with inputs: {'__tracker__': <rasa.shared.core.trackers.DialogueStateTracker object at 0x17b621ea0>}, targets: ['select_prediction'] and ExecutionContext(model_id='3666418cb2914d659f91b4e4734ce951', should_add_diagnostic_data=False, is_finetuning=False, node_name=None).
2025-06-12 20:41:56 DEBUG    rasa.engine.graph  - Node 'rule_only_data_provider' running 'RuleOnlyDataProvider.provide'.
2025-06-12 20:41:56 DEBUG    rasa.engine.graph  - Node 'domain_provider' running 'DomainProvider.provide_inference'.
2025-06-12 20:41:56 DEBUG    rasa.engine.graph  - Node 'run_MemoizationPolicy0' running 'MemoizationPolicy.predict_action_probabilities'.
2025-06-12 20:41:56 DEBUG    rasa.core.policies.memoization  - [debug    ] memoization.predict.actions    tracker_states=[{}, {'user': {'intent': 'greet'}, 'prev_action': {'action_name': 'action_listen'}}, {'user': {'intent': 'greet'}, 'prev_action': {'action_name': 'utter_greet'}}, {'user': {'intent': 'greet'}, 'prev_action': {'action_name': 'action_listen'}}, {'user': {'intent': 'greet'}, 'prev_action': {'action_name': 'utter_greet'}}, {'user': {'intent': 'affirm'}, 'prev_action': {'action_name': 'action_listen'}}, {'user': {'intent': 'greet'}, 'prev_action': {'action_name': 'action_listen'}}, {'user': {'intent': 'greet'}, 'prev_action': {'action_name': 'utter_greet'}}, {'user': {'intent': 'greet'}, 'prev_action': {'action_name': 'action_listen'}}, {'user': {'intent': 'greet'}, 'prev_action': {'action_name': 'utter_greet'}}, {'user': {'intent': 'greet'}, 'prev_action': {'action_name': 'action_listen'}}, {'user': {'intent': 'greet'}, 'prev_action': {'action_name': 'utter_greet'}}]
2025-06-12 20:41:56 DEBUG    rasa.core.policies.memoization  - There is no memorised next action
2025-06-12 20:41:56 DEBUG    rasa.engine.graph  - Node 'run_RulePolicy1' running 'RulePolicy.predict_action_probabilities'.
2025-06-12 20:41:56 DEBUG    rasa.core.policies.rule_policy  - [debug    ] rule_policy.actions.find       current_states=
[state 1] user intent: greet | previous action name: action_listen
[state 2] user intent: greet | previous action name: utter_greet
[state 3] user intent: greet | previous action name: action_listen
[state 4] user intent: greet | previous action name: utter_greet
[state 5] user intent: affirm | previous action name: action_listen
[state 6] user intent: greet | previous action name: action_listen
[state 7] user intent: greet | previous action name: utter_greet
[state 8] user intent: greet | previous action name: action_listen
[state 9] user intent: greet | previous action name: utter_greet
[state 10] user intent: greet | previous action name: action_listen
[state 11] user intent: greet | previous action name: utter_greet
2025-06-12 20:41:56 DEBUG    rasa.core.policies.rule_policy  - There is a rule for the next action 'action_listen'.
2025-06-12 20:41:56 DEBUG    rasa.engine.graph  - Node 'run_TEDPolicy3' running 'TEDPolicy.predict_action_probabilities'.
2025-06-12 20:41:56 DEBUG    rasa.core.policies.ted_policy  - TED predicted 'action_listen' based on user intent.
2025-06-12 20:41:56 DEBUG    rasa.engine.graph  - Node 'run_UnexpecTEDIntentPolicy2' running 'UnexpecTEDIntentPolicy.predict_action_probabilities'.
2025-06-12 20:41:56 DEBUG    rasa.core.policies.unexpected_intent_policy  - Skipping predictions for UnexpecTEDIntentPolicy as either there is no event of type `UserUttered`, event's intent is new and not in domain or there is an event of type `ActionExecuted` after the last `UserUttered`.
2025-06-12 20:41:56 DEBUG    rasa.engine.graph  - Node 'select_prediction' running 'DefaultPolicyPredictionEnsemble.combine_predictions_from_kwargs'.
2025-06-12 20:41:56 DEBUG    rasa.core.policies.ensemble  - Predicted next action using RulePolicy.
2025-06-12 20:41:56 DEBUG    rasa.core.processor  - Predicted next action 'action_listen' with confidence 1.00.
2025-06-12 20:41:56 DEBUG    rasa.core.processor  - [debug    ] processor.actions.policy_prediction prediction_events=[]
2025-06-12 20:41:56 DEBUG    rasa.core.processor  - [debug    ] processor.actions.log          action_name=action_listen rasa_events=[]
2025-06-12 20:41:56 DEBUG    rasa.core.tracker_store  - No event broker configured. Skipping streaming events.
2025-06-12 20:41:56 DEBUG    rasa.core.lock_store  - Deleted lock for conversation 'PractikumStudent'.
2025-06-12 20:44:10 DEBUG    rasa.core.lock_store  - Issuing ticket for conversation 'user'.
2025-06-12 20:44:10 DEBUG    rasa.core.lock_store  - Acquiring lock for conversation 'user'.
2025-06-12 20:44:10 DEBUG    rasa.core.lock_store  - Acquired lock for conversation 'user'.
2025-06-12 20:44:10 DEBUG    rasa.core.tracker_store  - Could not find tracker for conversation ID 'user'.
2025-06-12 20:44:10 DEBUG    rasa.core.tracker_store  - No event broker configured. Skipping streaming events.
2025-06-12 20:44:10 DEBUG    rasa.core.processor  - Starting a new session for conversation ID 'user'.
2025-06-12 20:44:10 DEBUG    rasa.core.processor  - [debug    ] processor.actions.policy_prediction prediction_events=[]
2025-06-12 20:44:10 DEBUG    rasa.core.processor  - [debug    ] processor.actions.log          action_name=action_session_start rasa_events=[<rasa.shared.core.events.SessionStarted object at 0x3091c3a60>, ActionExecuted(action: action_listen, policy: None, confidence: None)]
2025-06-12 20:44:10 DEBUG    rasa.core.processor  - [debug    ] processor.slots.log            slot_values=	topic: None
	session_started_metadata: None
2025-06-12 20:44:10 DEBUG    rasa.engine.runner.dask  - Running graph with inputs: {'__message__': [<rasa.core.channels.channel.UserMessage object at 0x17b2c2d70>], '__tracker__': <rasa.shared.core.trackers.DialogueStateTracker object at 0x17b621f60>}, targets: ['run_RegexMessageHandler'] and ExecutionContext(model_id='3666418cb2914d659f91b4e4734ce951', should_add_diagnostic_data=False, is_finetuning=False, node_name=None).
2025-06-12 20:44:10 DEBUG    rasa.engine.graph  - Node 'nlu_message_converter' running 'NLUMessageConverter.convert_user_message'.
2025-06-12 20:44:10 DEBUG    rasa.engine.graph  - Node 'run_WhitespaceTokenizer0' running 'WhitespaceTokenizer.process'.
2025-06-12 20:44:10 DEBUG    rasa.engine.graph  - Node 'run_RegexFeaturizer1' running 'RegexFeaturizer.process'.
2025-06-12 20:44:10 DEBUG    rasa.engine.graph  - Node 'run_LexicalSyntacticFeaturizer2' running 'LexicalSyntacticFeaturizer.process'.
2025-06-12 20:44:10 DEBUG    rasa.engine.graph  - Node 'run_CountVectorsFeaturizer3' running 'CountVectorsFeaturizer.process'.
2025-06-12 20:44:10 DEBUG    rasa.engine.graph  - Node 'run_CountVectorsFeaturizer4' running 'CountVectorsFeaturizer.process'.
2025-06-12 20:44:10 DEBUG    rasa.engine.graph  - Node 'run_DIETClassifier5' running 'DIETClassifier.process'.
2025-06-12 20:44:10 DEBUG    rasa.engine.graph  - Node 'run_EntitySynonymMapper6' running 'EntitySynonymMapper.process'.
2025-06-12 20:44:10 DEBUG    rasa.engine.graph  - Node 'run_ResponseSelector7' running 'ResponseSelector.process'.
2025-06-12 20:44:10 DEBUG    rasa.nlu.classifiers.diet_classifier  - There is no trained model for 'ResponseSelector': The component is either not trained or didn't receive enough training data.
2025-06-12 20:44:10 DEBUG    rasa.nlu.selectors.response_selector  - Adding following selector key to message property: default
2025-06-12 20:44:10 DEBUG    rasa.engine.graph  - Node 'run_FallbackClassifier8' running 'FallbackClassifier.process'.
2025-06-12 20:44:10 DEBUG    rasa.engine.graph  - Node 'domain_provider' running 'DomainProvider.provide_inference'.
2025-06-12 20:44:10 DEBUG    rasa.engine.graph  - Node 'run_RegexMessageHandler' running 'RegexMessageHandler.process'.
2025-06-12 20:44:10 DEBUG    rasa.core.processor  - [debug    ] processor.message.parse        parse_data_entities=[] parse_data_intent={'name': 'greet', 'confidence': 0.8311604857444763} parse_data_text=Твой вопрос
2025-06-12 20:44:10 DEBUG    rasa.core.processor  - Logged UserUtterance - tracker now has 4 events.
2025-06-12 20:44:10 DEBUG    rasa.core.actions.action  - Validating extracted slots: topic
2025-06-12 20:44:10 DEBUG    rasa.core.processor  - [debug    ] processor.extract.slots        action_extract_slot=action_extract_slots len_extraction_events=1 rasa_events=[SlotSet(key: topic, value: Твой вопрос)]
2025-06-12 20:44:10 DEBUG    rasa.engine.runner.dask  - Running graph with inputs: {'__tracker__': <rasa.shared.core.trackers.DialogueStateTracker object at 0x17b621f60>}, targets: ['select_prediction'] and ExecutionContext(model_id='3666418cb2914d659f91b4e4734ce951', should_add_diagnostic_data=False, is_finetuning=False, node_name=None).
2025-06-12 20:44:10 DEBUG    rasa.engine.graph  - Node 'rule_only_data_provider' running 'RuleOnlyDataProvider.provide'.
2025-06-12 20:44:10 DEBUG    rasa.engine.graph  - Node 'domain_provider' running 'DomainProvider.provide_inference'.
2025-06-12 20:44:10 DEBUG    rasa.engine.graph  - Node 'run_MemoizationPolicy0' running 'MemoizationPolicy.predict_action_probabilities'.
2025-06-12 20:44:10 DEBUG    rasa.core.policies.memoization  - [debug    ] memoization.predict.actions    tracker_states=[{}, {'user': {'intent': 'greet'}, 'prev_action': {'action_name': 'action_listen'}}]
2025-06-12 20:44:10 DEBUG    rasa.core.policies.memoization  - There is a memorised next action 'utter_greet'
2025-06-12 20:44:10 DEBUG    rasa.engine.graph  - Node 'run_RulePolicy1' running 'RulePolicy.predict_action_probabilities'.
2025-06-12 20:44:10 DEBUG    rasa.core.policies.rule_policy  - [debug    ] rule_policy.actions.find       current_states=
[state 1] user text: Твой вопрос | previous action name: action_listen
2025-06-12 20:44:10 DEBUG    rasa.core.policies.rule_policy  - There is no applicable rule.
2025-06-12 20:44:10 DEBUG    rasa.core.policies.rule_policy  - [debug    ] rule_policy.actions.find       current_states=
[state 1] user intent: greet | previous action name: action_listen
2025-06-12 20:44:10 DEBUG    rasa.core.policies.rule_policy  - There is a rule for the next action 'utter_greet'.
2025-06-12 20:44:10 DEBUG    rasa.engine.graph  - Node 'run_TEDPolicy3' running 'TEDPolicy.predict_action_probabilities'.
2025-06-12 20:44:10 DEBUG    rasa.core.policies.ted_policy  - TED predicted 'utter_greet' based on user intent.
2025-06-12 20:44:10 DEBUG    rasa.engine.graph  - Node 'run_UnexpecTEDIntentPolicy2' running 'UnexpecTEDIntentPolicy.predict_action_probabilities'.
2025-06-12 20:44:10 DEBUG    rasa.core.policies.unexpected_intent_policy  - Querying for intent `greet`.
2025-06-12 20:44:10 DEBUG    rasa.core.policies.unexpected_intent_policy  - Score for intent `greet` is `1.8113088607788086`, while threshold is `-1.9859936237335205`.
2025-06-12 20:44:10 DEBUG    rasa.core.policies.unexpected_intent_policy  - Top 5 intents (in ascending order) that are likely here are: `[('ask_architecture', -1.8342931), ('session_start', -1.5597622), ('goodbye', 1.5782762), ('greet', 1.8113089), ('request_info', 2.0548728)]`.
2025-06-12 20:44:10 DEBUG    rasa.engine.graph  - Node 'select_prediction' running 'DefaultPolicyPredictionEnsemble.combine_predictions_from_kwargs'.
2025-06-12 20:44:10 DEBUG    rasa.core.policies.ensemble  - Made prediction using user intent.
2025-06-12 20:44:10 DEBUG    rasa.core.policies.ensemble  - Added `DefinePrevUserUtteredFeaturization(False)` event.
2025-06-12 20:44:10 DEBUG    rasa.core.policies.ensemble  - Predicted next action using RulePolicy.
2025-06-12 20:44:10 DEBUG    rasa.core.processor  - Predicted next action 'utter_greet' with confidence 1.00.
2025-06-12 20:44:10 DEBUG    rasa.core.processor  - [debug    ] processor.actions.policy_prediction prediction_events=[<rasa.shared.core.events.DefinePrevUserUtteredFeaturization object at 0x3091c3c70>]
2025-06-12 20:44:10 DEBUG    rasa.core.processor  - [debug    ] processor.actions.log          action_name=utter_greet rasa_events=[BotUttered('Привет! Чем могу помочь в области архитектуры программного обеспечения?', {"elements": null, "quick_replies": null, "buttons": null, "attachment": null, "image": null, "custom": null}, {"utter_action": "utter_greet"}, 1749750250.465763)]
2025-06-12 20:44:10 DEBUG    rasa.engine.runner.dask  - Running graph with inputs: {'__tracker__': <rasa.shared.core.trackers.DialogueStateTracker object at 0x17b621f60>}, targets: ['select_prediction'] and ExecutionContext(model_id='3666418cb2914d659f91b4e4734ce951', should_add_diagnostic_data=False, is_finetuning=False, node_name=None).
2025-06-12 20:44:10 DEBUG    rasa.engine.graph  - Node 'rule_only_data_provider' running 'RuleOnlyDataProvider.provide'.
2025-06-12 20:44:10 DEBUG    rasa.engine.graph  - Node 'domain_provider' running 'DomainProvider.provide_inference'.
2025-06-12 20:44:10 DEBUG    rasa.engine.graph  - Node 'run_MemoizationPolicy0' running 'MemoizationPolicy.predict_action_probabilities'.
2025-06-12 20:44:10 DEBUG    rasa.core.policies.memoization  - [debug    ] memoization.predict.actions    tracker_states=[{}, {'user': {'intent': 'greet'}, 'prev_action': {'action_name': 'action_listen'}}, {'user': {'intent': 'greet'}, 'prev_action': {'action_name': 'utter_greet'}}]
2025-06-12 20:44:10 DEBUG    rasa.core.policies.memoization  - There is a memorised next action 'action_listen'
2025-06-12 20:44:10 DEBUG    rasa.engine.graph  - Node 'run_RulePolicy1' running 'RulePolicy.predict_action_probabilities'.
2025-06-12 20:44:10 DEBUG    rasa.core.policies.rule_policy  - [debug    ] rule_policy.actions.find       current_states=
[state 1] user intent: greet | previous action name: action_listen
[state 2] user intent: greet | previous action name: utter_greet
2025-06-12 20:44:10 DEBUG    rasa.core.policies.rule_policy  - There is a rule for the next action 'action_listen'.
2025-06-12 20:44:10 DEBUG    rasa.engine.graph  - Node 'run_TEDPolicy3' running 'TEDPolicy.predict_action_probabilities'.
2025-06-12 20:44:10 DEBUG    rasa.core.policies.ted_policy  - TED predicted 'action_listen' based on user intent.
2025-06-12 20:44:10 DEBUG    rasa.engine.graph  - Node 'run_UnexpecTEDIntentPolicy2' running 'UnexpecTEDIntentPolicy.predict_action_probabilities'.
2025-06-12 20:44:10 DEBUG    rasa.core.policies.unexpected_intent_policy  - Skipping predictions for UnexpecTEDIntentPolicy as either there is no event of type `UserUttered`, event's intent is new and not in domain or there is an event of type `ActionExecuted` after the last `UserUttered`.
2025-06-12 20:44:10 DEBUG    rasa.engine.graph  - Node 'select_prediction' running 'DefaultPolicyPredictionEnsemble.combine_predictions_from_kwargs'.
2025-06-12 20:44:10 DEBUG    rasa.core.policies.ensemble  - Predicted next action using RulePolicy.
2025-06-12 20:44:10 DEBUG    rasa.core.processor  - Predicted next action 'action_listen' with confidence 1.00.
2025-06-12 20:44:10 DEBUG    rasa.core.processor  - [debug    ] processor.actions.policy_prediction prediction_events=[]
2025-06-12 20:44:10 DEBUG    rasa.core.processor  - [debug    ] processor.actions.log          action_name=action_listen rasa_events=[]
2025-06-12 20:44:10 DEBUG    rasa.core.tracker_store  - No event broker configured. Skipping streaming events.
2025-06-12 20:44:10 DEBUG    rasa.core.lock_store  - Deleted lock for conversation 'user'.
2025-06-12 20:46:47 DEBUG    rasa.core.lock_store  - Issuing ticket for conversation 'user'.
2025-06-12 20:46:47 DEBUG    rasa.core.lock_store  - Acquiring lock for conversation 'user'.
2025-06-12 20:46:47 DEBUG    rasa.core.lock_store  - Acquired lock for conversation 'user'.
2025-06-12 20:46:47 DEBUG    rasa.core.tracker_store  - Recreating tracker for id 'user'
2025-06-12 20:46:47 DEBUG    rasa.engine.runner.dask  - Running graph with inputs: {'__message__': [<rasa.core.channels.channel.UserMessage object at 0x17b2c2d70>], '__tracker__': <rasa.shared.core.trackers.DialogueStateTracker object at 0x1770318a0>}, targets: ['run_RegexMessageHandler'] and ExecutionContext(model_id='3666418cb2914d659f91b4e4734ce951', should_add_diagnostic_data=False, is_finetuning=False, node_name=None).
2025-06-12 20:46:47 DEBUG    rasa.engine.graph  - Node 'nlu_message_converter' running 'NLUMessageConverter.convert_user_message'.
2025-06-12 20:46:47 DEBUG    rasa.engine.graph  - Node 'run_WhitespaceTokenizer0' running 'WhitespaceTokenizer.process'.
2025-06-12 20:46:47 DEBUG    rasa.engine.graph  - Node 'run_RegexFeaturizer1' running 'RegexFeaturizer.process'.
2025-06-12 20:46:47 DEBUG    rasa.engine.graph  - Node 'run_LexicalSyntacticFeaturizer2' running 'LexicalSyntacticFeaturizer.process'.
2025-06-12 20:46:47 DEBUG    rasa.engine.graph  - Node 'run_CountVectorsFeaturizer3' running 'CountVectorsFeaturizer.process'.
2025-06-12 20:46:47 DEBUG    rasa.engine.graph  - Node 'run_CountVectorsFeaturizer4' running 'CountVectorsFeaturizer.process'.
2025-06-12 20:46:47 DEBUG    rasa.engine.graph  - Node 'run_DIETClassifier5' running 'DIETClassifier.process'.
2025-06-12 20:46:47 DEBUG    rasa.engine.graph  - Node 'run_EntitySynonymMapper6' running 'EntitySynonymMapper.process'.
2025-06-12 20:46:47 DEBUG    rasa.engine.graph  - Node 'run_ResponseSelector7' running 'ResponseSelector.process'.
2025-06-12 20:46:47 DEBUG    rasa.nlu.classifiers.diet_classifier  - There is no trained model for 'ResponseSelector': The component is either not trained or didn't receive enough training data.
2025-06-12 20:46:47 DEBUG    rasa.nlu.selectors.response_selector  - Adding following selector key to message property: default
2025-06-12 20:46:47 DEBUG    rasa.engine.graph  - Node 'run_FallbackClassifier8' running 'FallbackClassifier.process'.
2025-06-12 20:46:47 DEBUG    rasa.engine.graph  - Node 'domain_provider' running 'DomainProvider.provide_inference'.
2025-06-12 20:46:47 DEBUG    rasa.engine.graph  - Node 'run_RegexMessageHandler' running 'RegexMessageHandler.process'.
2025-06-12 20:46:47 DEBUG    rasa.core.processor  - [debug    ] processor.message.parse        parse_data_entities=[] parse_data_intent={'name': 'ask_architecture', 'confidence': 0.9999992847442627} parse_data_text=Расскажи о проектировании решений с микросервисной архитектурой
2025-06-12 20:46:47 DEBUG    rasa.core.processor  - Logged UserUtterance - tracker now has 10 events.
2025-06-12 20:46:47 DEBUG    rasa.core.actions.action  - Validating extracted slots: topic
2025-06-12 20:46:47 DEBUG    rasa.core.processor  - [debug    ] processor.extract.slots        action_extract_slot=action_extract_slots len_extraction_events=1 rasa_events=[SlotSet(key: topic, value: Расскажи о проектировании решений с микросервисной архитектурой)]
2025-06-12 20:46:47 DEBUG    rasa.engine.runner.dask  - Running graph with inputs: {'__tracker__': <rasa.shared.core.trackers.DialogueStateTracker object at 0x1770318a0>}, targets: ['select_prediction'] and ExecutionContext(model_id='3666418cb2914d659f91b4e4734ce951', should_add_diagnostic_data=False, is_finetuning=False, node_name=None).
2025-06-12 20:46:47 DEBUG    rasa.engine.graph  - Node 'rule_only_data_provider' running 'RuleOnlyDataProvider.provide'.
2025-06-12 20:46:47 DEBUG    rasa.engine.graph  - Node 'domain_provider' running 'DomainProvider.provide_inference'.
2025-06-12 20:46:47 DEBUG    rasa.engine.graph  - Node 'run_MemoizationPolicy0' running 'MemoizationPolicy.predict_action_probabilities'.
2025-06-12 20:46:47 DEBUG    rasa.core.policies.memoization  - [debug    ] memoization.predict.actions    tracker_states=[{}, {'user': {'intent': 'greet'}, 'prev_action': {'action_name': 'action_listen'}}, {'user': {'intent': 'greet'}, 'prev_action': {'action_name': 'utter_greet'}}, {'user': {'intent': 'ask_architecture'}, 'prev_action': {'action_name': 'action_listen'}}]
2025-06-12 20:46:47 DEBUG    rasa.core.policies.memoization  - There is a memorised next action 'utter_architecture_response'
2025-06-12 20:46:47 DEBUG    rasa.engine.graph  - Node 'run_RulePolicy1' running 'RulePolicy.predict_action_probabilities'.
2025-06-12 20:46:47 DEBUG    rasa.core.policies.rule_policy  - [debug    ] rule_policy.actions.find       current_states=
[state 1] user intent: greet | previous action name: action_listen
[state 2] user intent: greet | previous action name: utter_greet
[state 3] user text: Расскажи о проектировании решений с микросервисной архитектурой | previous action name: action_listen
2025-06-12 20:46:47 DEBUG    rasa.core.policies.rule_policy  - There is no applicable rule.
2025-06-12 20:46:47 DEBUG    rasa.core.policies.rule_policy  - [debug    ] rule_policy.actions.find       current_states=
[state 1] user intent: greet | previous action name: action_listen
[state 2] user intent: greet | previous action name: utter_greet
[state 3] user intent: ask_architecture | previous action name: action_listen
2025-06-12 20:46:47 DEBUG    rasa.core.policies.rule_policy  - There is a rule for the next action 'utter_architecture_response'.
2025-06-12 20:46:47 DEBUG    rasa.engine.graph  - Node 'run_TEDPolicy3' running 'TEDPolicy.predict_action_probabilities'.
2025-06-12 20:46:47 DEBUG    rasa.core.policies.ted_policy  - TED predicted 'utter_architecture_response' based on user intent.
2025-06-12 20:46:47 DEBUG    rasa.engine.graph  - Node 'run_UnexpecTEDIntentPolicy2' running 'UnexpecTEDIntentPolicy.predict_action_probabilities'.
2025-06-12 20:46:47 DEBUG    rasa.core.policies.unexpected_intent_policy  - Querying for intent `ask_architecture`.
2025-06-12 20:46:47 DEBUG    rasa.core.policies.unexpected_intent_policy  - Score for intent `ask_architecture` is `1.5626463890075684`, while threshold is `-1.834293246269226`.
2025-06-12 20:46:47 DEBUG    rasa.core.policies.unexpected_intent_policy  - Top 5 intents (in ascending order) that are likely here are: `[('nlu_fallback', -1.7533852), ('affirm', -1.5334675), ('goodbye', -1.3055857), ('deny', -1.1304258), ('ask_architecture', 1.5626464)]`.
2025-06-12 20:46:47 DEBUG    rasa.engine.graph  - Node 'select_prediction' running 'DefaultPolicyPredictionEnsemble.combine_predictions_from_kwargs'.
2025-06-12 20:46:47 DEBUG    rasa.core.policies.ensemble  - Made prediction using user intent.
2025-06-12 20:46:47 DEBUG    rasa.core.policies.ensemble  - Added `DefinePrevUserUtteredFeaturization(False)` event.
2025-06-12 20:46:47 DEBUG    rasa.core.policies.ensemble  - Predicted next action using RulePolicy.
2025-06-12 20:46:47 DEBUG    rasa.core.processor  - Predicted next action 'utter_architecture_response' with confidence 1.00.
2025-06-12 20:46:47 DEBUG    rasa.core.processor  - [debug    ] processor.actions.policy_prediction prediction_events=[<rasa.shared.core.events.DefinePrevUserUtteredFeaturization object at 0x3091c3a00>]
2025-06-12 20:46:47 DEBUG    rasa.core.processor  - [debug    ] processor.actions.log          action_name=utter_architecture_response rasa_events=[BotUttered('Архитектура ПО включает выбор структур, которые обеспечивают масштабируемость, гибкость и поддерживаемость приложения. Задайте конкретный вопрос по этой теме, и я помогу вам с информацией.', {"elements": null, "quick_replies": null, "buttons": null, "attachment": null, "image": null, "custom": null}, {"utter_action": "utter_architecture_response"}, 1749750407.083135)]
2025-06-12 20:46:47 DEBUG    rasa.engine.runner.dask  - Running graph with inputs: {'__tracker__': <rasa.shared.core.trackers.DialogueStateTracker object at 0x1770318a0>}, targets: ['select_prediction'] and ExecutionContext(model_id='3666418cb2914d659f91b4e4734ce951', should_add_diagnostic_data=False, is_finetuning=False, node_name=None).
2025-06-12 20:46:47 DEBUG    rasa.engine.graph  - Node 'rule_only_data_provider' running 'RuleOnlyDataProvider.provide'.
2025-06-12 20:46:47 DEBUG    rasa.engine.graph  - Node 'domain_provider' running 'DomainProvider.provide_inference'.
2025-06-12 20:46:47 DEBUG    rasa.engine.graph  - Node 'run_MemoizationPolicy0' running 'MemoizationPolicy.predict_action_probabilities'.
2025-06-12 20:46:47 DEBUG    rasa.core.policies.memoization  - [debug    ] memoization.predict.actions    tracker_states=[{}, {'user': {'intent': 'greet'}, 'prev_action': {'action_name': 'action_listen'}}, {'user': {'intent': 'greet'}, 'prev_action': {'action_name': 'utter_greet'}}, {'user': {'intent': 'ask_architecture'}, 'prev_action': {'action_name': 'action_listen'}}, {'user': {'intent': 'ask_architecture'}, 'prev_action': {'action_name': 'utter_architecture_response'}}]
2025-06-12 20:46:47 DEBUG    rasa.core.policies.memoization  - There is a memorised next action 'action_listen'
2025-06-12 20:46:47 DEBUG    rasa.engine.graph  - Node 'run_RulePolicy1' running 'RulePolicy.predict_action_probabilities'.
2025-06-12 20:46:47 DEBUG    rasa.core.policies.rule_policy  - [debug    ] rule_policy.actions.find       current_states=
[state 1] user intent: greet | previous action name: action_listen
[state 2] user intent: greet | previous action name: utter_greet
[state 3] user intent: ask_architecture | previous action name: action_listen
[state 4] user intent: ask_architecture | previous action name: utter_architecture_response
2025-06-12 20:46:47 DEBUG    rasa.core.policies.rule_policy  - There is a rule for the next action 'action_listen'.
2025-06-12 20:46:47 DEBUG    rasa.engine.graph  - Node 'run_TEDPolicy3' running 'TEDPolicy.predict_action_probabilities'.
2025-06-12 20:46:47 DEBUG    rasa.core.policies.ted_policy  - TED predicted 'action_listen' based on user intent.
2025-06-12 20:46:47 DEBUG    rasa.engine.graph  - Node 'run_UnexpecTEDIntentPolicy2' running 'UnexpecTEDIntentPolicy.predict_action_probabilities'.
2025-06-12 20:46:47 DEBUG    rasa.core.policies.unexpected_intent_policy  - Skipping predictions for UnexpecTEDIntentPolicy as either there is no event of type `UserUttered`, event's intent is new and not in domain or there is an event of type `ActionExecuted` after the last `UserUttered`.
2025-06-12 20:46:47 DEBUG    rasa.engine.graph  - Node 'select_prediction' running 'DefaultPolicyPredictionEnsemble.combine_predictions_from_kwargs'.
2025-06-12 20:46:47 DEBUG    rasa.core.policies.ensemble  - Predicted next action using RulePolicy.
2025-06-12 20:46:47 DEBUG    rasa.core.processor  - Predicted next action 'action_listen' with confidence 1.00.
2025-06-12 20:46:47 DEBUG    rasa.core.processor  - [debug    ] processor.actions.policy_prediction prediction_events=[]
2025-06-12 20:46:47 DEBUG    rasa.core.processor  - [debug    ] processor.actions.log          action_name=action_listen rasa_events=[]
2025-06-12 20:46:47 DEBUG    rasa.core.tracker_store  - No event broker configured. Skipping streaming events.
2025-06-12 20:46:47 DEBUG    rasa.core.lock_store  - Deleted lock for conversation 'user'.
2025-06-12 20:47:32 DEBUG    rasa.core.lock_store  - Issuing ticket for conversation 'PractikumStudent'.
2025-06-12 20:47:32 DEBUG    rasa.core.lock_store  - Acquiring lock for conversation 'PractikumStudent'.
2025-06-12 20:47:32 DEBUG    rasa.core.lock_store  - Acquired lock for conversation 'PractikumStudent'.
2025-06-12 20:47:32 DEBUG    rasa.core.tracker_store  - Recreating tracker for id 'PractikumStudent'
2025-06-12 20:47:32 DEBUG    rasa.engine.runner.dask  - Running graph with inputs: {'__message__': [<rasa.core.channels.channel.UserMessage object at 0x175911450>], '__tracker__': <rasa.shared.core.trackers.DialogueStateTracker object at 0x30c15bb80>}, targets: ['run_RegexMessageHandler'] and ExecutionContext(model_id='3666418cb2914d659f91b4e4734ce951', should_add_diagnostic_data=False, is_finetuning=False, node_name=None).
2025-06-12 20:47:32 DEBUG    rasa.engine.graph  - Node 'nlu_message_converter' running 'NLUMessageConverter.convert_user_message'.
2025-06-12 20:47:32 DEBUG    rasa.engine.graph  - Node 'run_WhitespaceTokenizer0' running 'WhitespaceTokenizer.process'.
2025-06-12 20:47:32 DEBUG    rasa.engine.graph  - Node 'run_RegexFeaturizer1' running 'RegexFeaturizer.process'.
2025-06-12 20:47:32 DEBUG    rasa.engine.graph  - Node 'run_LexicalSyntacticFeaturizer2' running 'LexicalSyntacticFeaturizer.process'.
2025-06-12 20:47:32 DEBUG    rasa.engine.graph  - Node 'run_CountVectorsFeaturizer3' running 'CountVectorsFeaturizer.process'.
2025-06-12 20:47:32 DEBUG    rasa.engine.graph  - Node 'run_CountVectorsFeaturizer4' running 'CountVectorsFeaturizer.process'.
2025-06-12 20:47:32 DEBUG    rasa.engine.graph  - Node 'run_DIETClassifier5' running 'DIETClassifier.process'.
2025-06-12 20:47:32 DEBUG    rasa.engine.graph  - Node 'run_EntitySynonymMapper6' running 'EntitySynonymMapper.process'.
2025-06-12 20:47:32 DEBUG    rasa.engine.graph  - Node 'run_ResponseSelector7' running 'ResponseSelector.process'.
2025-06-12 20:47:32 DEBUG    rasa.nlu.classifiers.diet_classifier  - There is no trained model for 'ResponseSelector': The component is either not trained or didn't receive enough training data.
2025-06-12 20:47:32 DEBUG    rasa.nlu.selectors.response_selector  - Adding following selector key to message property: default
2025-06-12 20:47:32 DEBUG    rasa.engine.graph  - Node 'run_FallbackClassifier8' running 'FallbackClassifier.process'.
2025-06-12 20:47:32 DEBUG    rasa.engine.graph  - Node 'domain_provider' running 'DomainProvider.provide_inference'.
2025-06-12 20:47:32 DEBUG    rasa.engine.graph  - Node 'run_RegexMessageHandler' running 'RegexMessageHandler.process'.
2025-06-12 20:47:32 DEBUG    rasa.core.processor  - [debug    ] processor.message.parse        parse_data_entities=[] parse_data_intent={'name': 'ask_architecture', 'confidence': 0.9999992847442627} parse_data_text=Расскажи о проектировании решений с микросервисной архитектурой
2025-06-12 20:47:32 DEBUG    rasa.core.processor  - Logged UserUtterance - tracker now has 38 events.
2025-06-12 20:47:32 DEBUG    rasa.core.actions.action  - Validating extracted slots: topic
2025-06-12 20:47:32 DEBUG    rasa.core.processor  - [debug    ] processor.extract.slots        action_extract_slot=action_extract_slots len_extraction_events=1 rasa_events=[SlotSet(key: topic, value: Расскажи о проектировании решений с микросервисной архитектурой)]
2025-06-12 20:47:32 DEBUG    rasa.engine.runner.dask  - Running graph with inputs: {'__tracker__': <rasa.shared.core.trackers.DialogueStateTracker object at 0x30c15bb80>}, targets: ['select_prediction'] and ExecutionContext(model_id='3666418cb2914d659f91b4e4734ce951', should_add_diagnostic_data=False, is_finetuning=False, node_name=None).
2025-06-12 20:47:32 DEBUG    rasa.engine.graph  - Node 'rule_only_data_provider' running 'RuleOnlyDataProvider.provide'.
2025-06-12 20:47:32 DEBUG    rasa.engine.graph  - Node 'domain_provider' running 'DomainProvider.provide_inference'.
2025-06-12 20:47:32 DEBUG    rasa.engine.graph  - Node 'run_MemoizationPolicy0' running 'MemoizationPolicy.predict_action_probabilities'.
2025-06-12 20:47:32 DEBUG    rasa.core.policies.memoization  - [debug    ] memoization.predict.actions    tracker_states=[{}, {'user': {'intent': 'greet'}, 'prev_action': {'action_name': 'action_listen'}}, {'user': {'intent': 'greet'}, 'prev_action': {'action_name': 'utter_greet'}}, {'user': {'intent': 'greet'}, 'prev_action': {'action_name': 'action_listen'}}, {'user': {'intent': 'greet'}, 'prev_action': {'action_name': 'utter_greet'}}, {'user': {'intent': 'affirm'}, 'prev_action': {'action_name': 'action_listen'}}, {'user': {'intent': 'greet'}, 'prev_action': {'action_name': 'action_listen'}}, {'user': {'intent': 'greet'}, 'prev_action': {'action_name': 'utter_greet'}}, {'user': {'intent': 'greet'}, 'prev_action': {'action_name': 'action_listen'}}, {'user': {'intent': 'greet'}, 'prev_action': {'action_name': 'utter_greet'}}, {'user': {'intent': 'greet'}, 'prev_action': {'action_name': 'action_listen'}}, {'user': {'intent': 'greet'}, 'prev_action': {'action_name': 'utter_greet'}}, {'user': {'intent': 'ask_architecture'}, 'prev_action': {'action_name': 'action_listen'}}]
2025-06-12 20:47:32 DEBUG    rasa.core.policies.memoization  - There is no memorised next action
2025-06-12 20:47:32 DEBUG    rasa.engine.graph  - Node 'run_RulePolicy1' running 'RulePolicy.predict_action_probabilities'.
2025-06-12 20:47:32 DEBUG    rasa.core.policies.rule_policy  - [debug    ] rule_policy.actions.find       current_states=
[state 1] user intent: greet | previous action name: action_listen
[state 2] user intent: greet | previous action name: utter_greet
[state 3] user intent: greet | previous action name: action_listen
[state 4] user intent: greet | previous action name: utter_greet
[state 5] user intent: affirm | previous action name: action_listen
[state 6] user intent: greet | previous action name: action_listen
[state 7] user intent: greet | previous action name: utter_greet
[state 8] user intent: greet | previous action name: action_listen
[state 9] user intent: greet | previous action name: utter_greet
[state 10] user intent: greet | previous action name: action_listen
[state 11] user intent: greet | previous action name: utter_greet
[state 12] user text: Расскажи о проектировании решений с микросервисной архитектурой | previous action name: action_listen
2025-06-12 20:47:32 DEBUG    rasa.core.policies.rule_policy  - There is no applicable rule.
2025-06-12 20:47:32 DEBUG    rasa.core.policies.rule_policy  - [debug    ] rule_policy.actions.find       current_states=
[state 1] user intent: greet | previous action name: action_listen
[state 2] user intent: greet | previous action name: utter_greet
[state 3] user intent: greet | previous action name: action_listen
[state 4] user intent: greet | previous action name: utter_greet
[state 5] user intent: affirm | previous action name: action_listen
[state 6] user intent: greet | previous action name: action_listen
[state 7] user intent: greet | previous action name: utter_greet
[state 8] user intent: greet | previous action name: action_listen
[state 9] user intent: greet | previous action name: utter_greet
[state 10] user intent: greet | previous action name: action_listen
[state 11] user intent: greet | previous action name: utter_greet
[state 12] user intent: ask_architecture | previous action name: action_listen
2025-06-12 20:47:32 DEBUG    rasa.core.policies.rule_policy  - There is a rule for the next action 'utter_architecture_response'.
2025-06-12 20:47:32 DEBUG    rasa.engine.graph  - Node 'run_TEDPolicy3' running 'TEDPolicy.predict_action_probabilities'.
2025-06-12 20:47:32 DEBUG    rasa.core.policies.ted_policy  - TED predicted 'utter_architecture_response' based on user intent.
2025-06-12 20:47:32 DEBUG    rasa.engine.graph  - Node 'run_UnexpecTEDIntentPolicy2' running 'UnexpecTEDIntentPolicy.predict_action_probabilities'.
2025-06-12 20:47:32 DEBUG    rasa.core.policies.unexpected_intent_policy  - Querying for intent `ask_architecture`.
2025-06-12 20:47:32 DEBUG    rasa.core.policies.unexpected_intent_policy  - Score for intent `ask_architecture` is `1.5895494222640991`, while threshold is `-1.834293246269226`.
2025-06-12 20:47:32 DEBUG    rasa.core.policies.unexpected_intent_policy  - Top 5 intents (in ascending order) that are likely here are: `[('nlu_fallback', -1.6987422), ('affirm', -1.4331217), ('goodbye', -1.3509498), ('deny', -1.0938994), ('ask_architecture', 1.5895494)]`.
2025-06-12 20:47:32 DEBUG    rasa.engine.graph  - Node 'select_prediction' running 'DefaultPolicyPredictionEnsemble.combine_predictions_from_kwargs'.
2025-06-12 20:47:32 DEBUG    rasa.core.policies.ensemble  - Made prediction using user intent.
2025-06-12 20:47:32 DEBUG    rasa.core.policies.ensemble  - Added `DefinePrevUserUtteredFeaturization(False)` event.
2025-06-12 20:47:32 DEBUG    rasa.core.policies.ensemble  - Predicted next action using RulePolicy.
2025-06-12 20:47:32 DEBUG    rasa.core.processor  - Predicted next action 'utter_architecture_response' with confidence 1.00.
2025-06-12 20:47:32 DEBUG    rasa.core.processor  - [debug    ] processor.actions.policy_prediction prediction_events=[<rasa.shared.core.events.DefinePrevUserUtteredFeaturization object at 0x3091c38b0>]
2025-06-12 20:47:32 DEBUG    rasa.core.processor  - [debug    ] processor.actions.log          action_name=utter_architecture_response rasa_events=[BotUttered('Архитектура ПО включает выбор структур, которые обеспечивают масштабируемость, гибкость и поддерживаемость приложения. Задайте конкретный вопрос по этой теме, и я помогу вам с информацией.', {"elements": null, "quick_replies": null, "buttons": null, "attachment": null, "image": null, "custom": null}, {"utter_action": "utter_architecture_response"}, 1749750452.5640829)]
2025-06-12 20:47:32 DEBUG    rasa.engine.runner.dask  - Running graph with inputs: {'__tracker__': <rasa.shared.core.trackers.DialogueStateTracker object at 0x30c15bb80>}, targets: ['select_prediction'] and ExecutionContext(model_id='3666418cb2914d659f91b4e4734ce951', should_add_diagnostic_data=False, is_finetuning=False, node_name=None).
2025-06-12 20:47:32 DEBUG    rasa.engine.graph  - Node 'rule_only_data_provider' running 'RuleOnlyDataProvider.provide'.
2025-06-12 20:47:32 DEBUG    rasa.engine.graph  - Node 'domain_provider' running 'DomainProvider.provide_inference'.
2025-06-12 20:47:32 DEBUG    rasa.engine.graph  - Node 'run_MemoizationPolicy0' running 'MemoizationPolicy.predict_action_probabilities'.
2025-06-12 20:47:32 DEBUG    rasa.core.policies.memoization  - [debug    ] memoization.predict.actions    tracker_states=[{}, {'user': {'intent': 'greet'}, 'prev_action': {'action_name': 'action_listen'}}, {'user': {'intent': 'greet'}, 'prev_action': {'action_name': 'utter_greet'}}, {'user': {'intent': 'greet'}, 'prev_action': {'action_name': 'action_listen'}}, {'user': {'intent': 'greet'}, 'prev_action': {'action_name': 'utter_greet'}}, {'user': {'intent': 'affirm'}, 'prev_action': {'action_name': 'action_listen'}}, {'user': {'intent': 'greet'}, 'prev_action': {'action_name': 'action_listen'}}, {'user': {'intent': 'greet'}, 'prev_action': {'action_name': 'utter_greet'}}, {'user': {'intent': 'greet'}, 'prev_action': {'action_name': 'action_listen'}}, {'user': {'intent': 'greet'}, 'prev_action': {'action_name': 'utter_greet'}}, {'user': {'intent': 'greet'}, 'prev_action': {'action_name': 'action_listen'}}, {'user': {'intent': 'greet'}, 'prev_action': {'action_name': 'utter_greet'}}, {'user': {'intent': 'ask_architecture'}, 'prev_action': {'action_name': 'action_listen'}}, {'user': {'intent': 'ask_architecture'}, 'prev_action': {'action_name': 'utter_architecture_response'}}]
2025-06-12 20:47:32 DEBUG    rasa.core.policies.memoization  - There is no memorised next action
2025-06-12 20:47:32 DEBUG    rasa.engine.graph  - Node 'run_RulePolicy1' running 'RulePolicy.predict_action_probabilities'.
2025-06-12 20:47:32 DEBUG    rasa.core.policies.rule_policy  - [debug    ] rule_policy.actions.find       current_states=
[state 1] user intent: greet | previous action name: action_listen
[state 2] user intent: greet | previous action name: utter_greet
[state 3] user intent: greet | previous action name: action_listen
[state 4] user intent: greet | previous action name: utter_greet
[state 5] user intent: affirm | previous action name: action_listen
[state 6] user intent: greet | previous action name: action_listen
[state 7] user intent: greet | previous action name: utter_greet
[state 8] user intent: greet | previous action name: action_listen
[state 9] user intent: greet | previous action name: utter_greet
[state 10] user intent: greet | previous action name: action_listen
[state 11] user intent: greet | previous action name: utter_greet
[state 12] user intent: ask_architecture | previous action name: action_listen
[state 13] user intent: ask_architecture | previous action name: utter_architecture_response
2025-06-12 20:47:32 DEBUG    rasa.core.policies.rule_policy  - There is a rule for the next action 'action_listen'.
2025-06-12 20:47:32 DEBUG    rasa.engine.graph  - Node 'run_TEDPolicy3' running 'TEDPolicy.predict_action_probabilities'.
2025-06-12 20:47:32 DEBUG    rasa.core.policies.ted_policy  - TED predicted 'action_listen' based on user intent.
2025-06-12 20:47:32 DEBUG    rasa.engine.graph  - Node 'run_UnexpecTEDIntentPolicy2' running 'UnexpecTEDIntentPolicy.predict_action_probabilities'.
2025-06-12 20:47:32 DEBUG    rasa.core.policies.unexpected_intent_policy  - Skipping predictions for UnexpecTEDIntentPolicy as either there is no event of type `UserUttered`, event's intent is new and not in domain or there is an event of type `ActionExecuted` after the last `UserUttered`.
2025-06-12 20:47:32 DEBUG    rasa.engine.graph  - Node 'select_prediction' running 'DefaultPolicyPredictionEnsemble.combine_predictions_from_kwargs'.
2025-06-12 20:47:32 DEBUG    rasa.core.policies.ensemble  - Predicted next action using RulePolicy.
2025-06-12 20:47:32 DEBUG    rasa.core.processor  - Predicted next action 'action_listen' with confidence 1.00.
2025-06-12 20:47:32 DEBUG    rasa.core.processor  - [debug    ] processor.actions.policy_prediction prediction_events=[]
2025-06-12 20:47:32 DEBUG    rasa.core.processor  - [debug    ] processor.actions.log          action_name=action_listen rasa_events=[]
2025-06-12 20:47:32 DEBUG    rasa.core.tracker_store  - No event broker configured. Skipping streaming events.
2025-06-12 20:47:32 DEBUG    rasa.core.lock_store  - Deleted lock for conversation 'PractikumStudent'.
